seed,mu,E,client,measured_delta,grad_norm_at_w0,exact_solve_iters
0,0.01,1,0,2.116746703244078,6.159385642685968,3000
0,0.01,1,1,3.3536924116191913,3.1789750284436193,3000
0,0.01,1,2,1.3714963181201951,2.0367976708378954,3000
0,0.01,1,3,2.363788050128067,2.70339122003791,3000
0,0.01,1,4,2.8245585143933667,1.8863118917032797,3000
0,0.01,1,5,0.4679160229601523,3.7242765707844425,3000
0,0.01,1,6,1.434090258141099,5.110804209579576,3000
0,0.01,1,7,4.854255760336669,1.0714384012209426,3000
0,0.01,1,8,0.16397681905837583,3.1958123443426714,3000
0,0.01,1,9,0.8229161912327724,4.2139813295610296,3000
0,0.01,1,10,3.233475729962265,3.439528000400227,3000
0,0.01,1,11,3.3213333619821293,1.8127084768747979,3000
0,0.01,1,12,0.4215856165589766,3.6932133803977036,3000
0,0.01,1,13,0.24080818755438532,2.938452666868414,3000
0,0.01,1,14,0.37457796604215154,2.9427433115271953,3000
0,0.01,1,15,3.958623028818567,3.037461162199718,3000
0,0.01,1,16,3.638577050697041,2.369561562452599,3000
0,0.01,1,17,3.1735957952483074,2.1950998244769973,3000
0,0.01,1,18,1.4596890978123203,5.149973210214156,3000
0,0.01,1,19,0.91739579211501,2.351274470087229,3000
0,0.01,2,0,2.1013516478868675,6.159385642685968,3000
0,0.01,2,1,3.2440719910888585,3.1789750284436193,3000
0,0.01,2,2,1.1725383313010662,2.0367976708378954,3000
0,0.01,2,3,2.248531523103578,2.70339122003791,3000
0,0.01,2,4,2.6276797012864845,1.8863118917032797,3000
0,0.01,2,5,0.459945642803592,3.7242765707844425,3000
0,0.01,2,6,1.4213353660706585,5.110804209579576,3000
0,0.01,2,7,4.655431985040576,1.0714384012209426,3000
0,0.01,2,8,0.16272709476664393,3.1958123443426714,3000
0,0.01,2,9,0.8124668929103938,4.2139813295610296,3000
0,0.01,2,10,2.9527151264026097,3.439528000400227,3000
0,0.01,2,11,3.1928077143622917,1.8127084768747979,3000
0,0.01,2,12,0.41401933987606276,3.6932133803977036,3000
0,0.01,2,13,0.2292947501160622,2.938452666868414,3000
0,0.01,2,14,0.36066818437914805,2.9427433115271953,3000
0,0.01,2,15,3.816144138451959,3.037461162199718,3000
0,0.01,2,16,3.525938514103232,2.369561562452599,3000
0,0.01,2,17,3.0421124976505958,2.1950998244769973,3000
0,0.01,2,18,1.4468209790542716,5.149973210214156,3000
0,0.01,2,19,0.806290445501493,2.351274470087229,3000
0,0.01,5,0,2.0556270971772066,6.159385642685968,3000
0,0.01,5,1,3.0429877099491476,3.1789750284436193,3000
0,0.01,5,2,0.8743998537834595,2.0367976708378954,3000
0,0.01,5,3,1.9797122298446563,2.70339122003791,3000
0,0.01,5,4,2.2029729508159104,1.8863118917032797,3000
0,0.01,5,5,0.43656080703193434,3.7242765707844425,3000
0,0.01,5,6,1.3834547657866674,5.110804209579576,3000
0,0.01,5,7,4.1535795211097355,1.0714384012209426,3000
0,0.01,5,8,0.15914260918231612,3.1958123443426714,3000
0,0.01,5,9,0.7814594779117834,4.2139813295610296,3000
0,0.01,5,10,2.536860423402994,3.439528000400227,3000
0,0.01,5,11,2.8993493914048925,1.8127084768747979,3000
0,0.01,5,12,0.39188466628928564,3.6932133803977036,3000
0,0.01,5,13,0.2000384591906604,2.938452666868414,3000
0,0.01,5,14,0.3258536761283745,2.9427433115271953,3000
0,0.01,5,15,3.474372357945656,3.037461162199718,3000
0,0.01,5,16,3.0650736373441836,2.369561562452599,3000
0,0.01,5,17,2.598079594194695,2.1950998244769973,3000
0,0.01,5,18,1.4086023622626274,5.149973210214156,3000
0,0.01,5,19,0.6124220684620593,2.351274470087229,3000
0,0.01,10,0,1.9809320566157504,6.159385642685968,3000
0,0.01,10,1,2.756999070526602,3.1789750284436193,3000
0,0.01,10,2,0.6353150255829245,2.0367976708378954,3000
0,0.01,10,3,1.6355613111487846,2.70339122003791,3000
0,0.01,10,4,1.7865380118501233,1.8863118917032797,3000
0,0.01,10,5,0.39939117115326034,3.7242765707844425,3000
0,0.01,10,6,1.3215823304188763,5.110804209579576,3000
0,0.01,10,7,3.5227203128216935,1.0714384012209426,3000
0,0.01,10,8,0.15362822850153662,3.1958123443426714,3000
0,0.01,10,9,0.7309135708103147,4.2139813295610296,3000
0,0.01,10,10,2.1073779117933844,3.439528000400227,3000
0,0.01,10,11,2.521565504014591,1.8127084768747979,3000
0,0.01,10,12,0.35692300340086525,3.6932133803977036,3000
0,0.01,10,13,0.16405494706356286,2.938452666868414,3000
0,0.01,10,14,0.28374550500279894,2.9427433115271953,3000
0,0.01,10,15,2.914716483146311,3.037461162199718,3000
0,0.01,10,16,2.5124023371792723,2.369561562452599,3000
0,0.01,10,17,2.26102104356216,2.1950998244769973,3000
0,0.01,10,18,1.3461716801328036,5.149973210214156,3000
0,0.01,10,19,0.4465434166924004,2.351274470087229,3000
0,0.01,20,0,1.8370467516436322,6.159385642685968,3000
0,0.01,20,1,2.2805619705758,3.1789750284436193,3000
0,0.01,20,2,0.40831354137507075,2.0367976708378954,3000
0,0.01,20,3,1.205420809529425,2.70339122003791,3000
0,0.01,20,4,1.3064703846530077,1.8863118917032797,3000
0,0.01,20,5,0.3321923538793159,3.7242765707844425,3000
0,0.01,20,6,1.2024364310173798,5.110804209579576,3000
0,0.01,20,7,2.683282744800482,1.0714384012209426,3000
0,0.01,20,8,0.14384855106508246,3.1958123443426714,3000
0,0.01,20,9,0.634084057079146,4.2139813295610296,3000
0,0.01,20,10,1.572518857533868,3.439528000400227,3000
0,0.01,20,11,1.9864878078111365,1.8127084768747979,3000
0,0.01,20,12,0.2945646736847446,3.6932133803977036,3000
0,0.01,20,13,0.12026493390745176,2.938452666868414,3000
0,0.01,20,14,0.23197030938959182,2.9427433115271953,3000
0,0.01,20,15,2.2109142602403105,3.037461162199718,3000
0,0.01,20,16,1.8297234122193085,2.369561562452599,3000
0,0.01,20,17,1.8953132240270536,2.1950998244769973,3000
0,0.01,20,18,1.2259248748280707,5.149973210214156,3000
0,0.01,20,19,0.28852790208388357,2.351274470087229,3000
0,0.01,50,0,1.446278737699065,6.159385642685968,3000
0,0.01,50,1,1.3578411856861823,3.1789750284436193,3000
0,0.01,50,2,0.1790695197358058,2.0367976708378954,3000
0,0.01,50,3,0.6264211391081062,2.70339122003791,3000
0,0.01,50,4,0.6621164463976797,1.8863118917032797,3000
0,0.01,50,5,0.19179481887291347,3.7242765707844425,3000
0,0.01,50,6,0.8793927949523807,5.110804209579576,3000
0,0.01,50,7,1.4498295245876998,1.0714384012209426,3000
0,0.01,50,8,0.12001942822208128,3.1958123443426714,3000
0,0.01,50,9,0.37968612921536393,4.2139813295610296,3000
0,0.01,50,10,0.8249789234155408,3.439528000400227,3000
0,0.01,50,11,1.1480650089024433,1.8127084768747979,3000
0,0.01,50,12,0.169804931944118,3.6932133803977036,3000
0,0.01,50,13,0.0737071844281017,2.938452666868414,3000
0,0.01,50,14,0.1644328056015239,2.9427433115271953,3000
0,0.01,50,15,1.1121965987488978,3.037461162199718,3000
0,0.01,50,16,0.9788714502031656,2.369561562452599,3000
0,0.01,50,17,1.2306078439551043,2.1950998244769973,3000
0,0.01,50,18,0.8996020839733321,5.149973210214156,3000
0,0.01,50,19,0.14134435253862804,2.351274470087229,3000
0,0.1,1,0,2.365396291780347,6.159385642685968,3000
0,0.1,1,1,1.2643368296727648,3.1789750284436193,3000
0,0.1,1,2,0.5516988732936483,2.0367976708378954,3000
0,0.1,1,3,1.0149007372417946,2.70339122003791,3000
0,0.1,1,4,1.1491720219362702,1.8863118917032797,3000
0,0.1,1,5,0.8565578304334123,3.7242765707844425,3000
0,0.1,1,6,1.7370917893634272,5.110804209579576,3000
0,0.1,1,7,1.8228614206551308,1.0714384012209426,3000
0,0.1,1,8,0.47823963252056556,3.1958123443426714,3000
0,0.1,1,9,1.1803802871945164,4.2139813295610296,3000
0,0.1,1,10,1.6832508694154156,3.439528000400227,3000
0,0.1,1,11,1.1463763757338865,1.8127084768747979,3000
0,0.1,1,12,0.8272423034408716,3.6932133803977036,3000
0,0.1,1,13,0.3005304627655743,2.938452666868414,3000
0,0.1,1,14,0.3079713196226258,2.9427433115271953,3000
0,0.1,1,15,2.139198609248771,3.037461162199718,3000
0,0.1,1,16,2.197564643455406,2.369561562452599,3000
0,0.1,1,17,1.1367780365429887,2.1950998244769973,3000
0,0.1,1,18,1.7617198682831794,5.149973210214156,3000
0,0.1,1,19,0.26548102564186177,2.351274470087229,3000
0,0.1,2,0,2.211420915313334,6.159385642685968,3000
0,0.1,2,1,1.0017549459727768,3.1789750284436193,3000
0,0.1,2,2,0.4010918849196611,2.0367976708378954,3000
0,0.1,2,3,0.8285004084152258,2.70339122003791,3000
0,0.1,2,4,0.9415269820761762,1.8863118917032797,3000
0,0.1,2,5,0.764832944509034,3.7242765707844425,3000
0,0.1,2,6,1.6093716207294095,5.110804209579576,3000
0,0.1,2,7,1.6225512600792522,1.0714384012209426,3000
0,0.1,2,8,0.40863631627603125,3.1958123443426714,3000
0,0.1,2,9,1.0751267080717957,4.2139813295610296,3000
0,0.1,2,10,1.1955735902555222,3.439528000400227,3000
0,0.1,2,11,1.0244491088064744,1.8127084768747979,3000
0,0.1,2,12,0.736563757519194,3.6932133803977036,3000
0,0.1,2,13,0.2475414234853424,2.938452666868414,3000
0,0.1,2,14,0.2606969381494143,2.9427433115271953,3000
0,0.1,2,15,2.534129440696171,3.037461162199718,3000
0,0.1,2,16,1.929462693801359,2.369561562452599,3000
0,0.1,2,17,1.0040713701426602,2.1950998244769973,3000
0,0.1,2,18,1.6329821452762587,5.149973210214156,3000
0,0.1,2,19,0.21003923460032145,2.351274470087229,3000
0,0.1,5,0,1.7941748973419984,6.159385642685968,3000
0,0.1,5,1,0.71625291929407,3.1789750284436193,3000
0,0.1,5,2,0.21344268337925912,2.0367976708378954,3000
0,0.1,5,3,0.5559474245020757,2.70339122003791,3000
0,0.1,5,4,0.5840463722849151,1.8863118917032797,3000
0,0.1,5,5,0.5207970548353477,3.7242765707844425,3000
0,0.1,5,6,1.2633255223516289,5.110804209579576,3000
0,0.1,5,7,1.170962614298094,1.0714384012209426,3000
0,0.1,5,8,0.24014606833367322,3.1958123443426714,3000
0,0.1,5,9,0.7904203656496914,4.2139813295610296,3000
0,0.1,5,10,0.7374483924225325,3.439528000400227,3000
0,0.1,5,11,0.7625971036717649,1.8127084768747979,3000
0,0.1,5,12,0.4961607582611698,3.6932133803977036,3000
0,0.1,5,13,0.13157211150889442,2.938452666868414,3000
0,0.1,5,14,0.15972556056805817,2.9427433115271953,3000
0,0.1,5,15,2.312186241924541,3.037461162199718,3000
0,0.1,5,16,1.7599862791569372,2.369561562452599,3000
0,0.1,5,17,0.5742278772900523,2.1950998244769973,3000
0,0.1,5,18,1.284137965909754,5.149973210214156,3000
0,0.1,5,19,0.12956389481949226,2.351274470087229,3000
0,0.1,10,0,1.2268031393123529,6.159385642685968,3000
0,0.1,10,1,0.4986786322055134,3.1789750284436193,3000
0,0.1,10,2,0.10782203748089948,2.0367976708378954,3000
0,0.1,10,3,0.3266266617240709,2.70339122003791,3000
0,0.1,10,4,0.3187779050479335,1.8863118917032797,3000
0,0.1,10,5,0.22542773621468065,3.7242765707844425,3000
0,0.1,10,6,0.7932916465443224,5.110804209579576,3000
0,0.1,10,7,0.7076202098823691,1.0714384012209426,3000
0,0.1,10,8,0.09276284803003267,3.1958123443426714,3000
0,0.1,10,9,0.4105642718451229,4.2139813295610296,3000
0,0.1,10,10,0.4392806583559683,3.439528000400227,3000
0,0.1,10,11,0.4877971806353793,1.8127084768747979,3000
0,0.1,10,12,0.2096128563091069,3.6932133803977036,3000
0,0.1,10,13,0.051627743921465935,2.938452666868414,3000
0,0.1,10,14,0.08750861814718154,2.9427433115271953,3000
0,0.1,10,15,1.3561864277989293,3.037461162199718,3000
0,0.1,10,16,0.8575557615674414,2.369561562452599,3000
0,0.1,10,17,0.37843708631547435,2.1950998244769973,3000
0,0.1,10,18,0.8100476663577801,5.149973210214156,3000
0,0.1,10,19,0.0791286759182574,2.351274470087229,3000
0,0.1,20,0,0.44976322723885537,6.159385642685968,3000
0,0.1,20,1,0.24739130782371932,3.1789750284436193,3000
0,0.1,20,2,0.03953511991212652,2.0367976708378954,3000
0,0.1,20,3,0.12895595904687626,2.70339122003791,3000
0,0.1,20,4,0.12165091045815939,1.8863118917032797,3000
0,0.1,20,5,0.048478656382597296,3.7242765707844425,3000
0,0.1,20,6,0.18161437341060413,5.110804209579576,3000
0,0.1,20,7,0.28294414994563,1.0714384012209426,3000
0,0.1,20,8,0.036993328061587484,3.1958123443426714,3000
0,0.1,20,9,0.04190015501244489,4.2139813295610296,3000
0,0.1,20,10,0.18243993584474558,3.439528000400227,3000
0,0.1,20,11,0.21507759329013582,1.8127084768747979,3000
0,0.1,20,12,0.04542672817717758,3.6932133803977036,3000
0,0.1,20,13,0.023643298886396897,2.938452666868414,3000
0,0.1,20,14,0.0435877502331274,2.9427433115271953,3000
0,0.1,20,15,1.8344319513072964,3.037461162199718,3000
0,0.1,20,16,0.41228850272728457,2.369561562452599,3000
0,0.1,20,17,0.14939408961819922,2.1950998244769973,3000
0,0.1,20,18,0.18665864384089248,5.149973210214156,3000
0,0.1,20,19,0.03774745426366251,2.351274470087229,3000
0,0.1,50,0,0.007615644456362291,6.159385642685968,3000
0,0.1,50,1,0.03182053997731522,3.1789750284436193,3000
0,0.1,50,2,0.0039990754538040425,2.0367976708378954,3000
0,0.1,50,3,0.014196683478129806,2.70339122003791,3000
0,0.1,50,4,0.012114675916893204,1.8863118917032797,3000
0,0.1,50,5,0.007007945875775887,3.7242765707844425,3000
0,0.1,50,6,0.009829191724361506,5.110804209579576,3000
0,0.1,50,7,0.02814277284900267,1.0714384012209426,3000
0,0.1,50,8,0.006874112546294562,3.1958123443426714,3000
0,0.1,50,9,0.0037824299084798585,4.2139813295610296,3000
0,0.1,50,10,0.022083417616566903,3.439528000400227,3000
0,0.1,50,11,0.02454994370147811,1.8127084768747979,3000
0,0.1,50,12,0.00809305169824444,3.6932133803977036,3000
0,0.1,50,13,0.004147852731715374,2.938452666868414,3000
0,0.1,50,14,0.006784426044328004,2.9427433115271953,3000
0,0.1,50,15,1.4775380181190292,3.037461162199718,3000
0,0.1,50,16,0.06789797536149941,2.369561562452599,3000
0,0.1,50,17,0.022742560548160026,2.1950998244769973,3000
0,0.1,50,18,0.005009916607899953,5.149973210214156,3000
0,0.1,50,19,0.005318235582738163,2.351274470087229,3000
0,0.5,1,0,2.533773306945631,6.159385642685968,3000
0,0.5,1,1,0.902746260288828,3.1789750284436193,3000
0,0.5,1,2,0.14359129025902578,2.0367976708378954,3000
0,0.5,1,3,0.691891557720526,2.70339122003791,3000
0,0.5,1,4,0.4194634217301817,1.8863118917032797,3000
0,0.5,1,5,1.1301861517398955,3.7242765707844425,3000
0,0.5,1,6,1.9418166399806156,5.110804209579576,3000
0,0.5,1,7,0.47825334365387845,1.0714384012209426,3000
0,0.5,1,8,0.803253911771927,3.1958123443426714,3000
0,0.5,1,9,1.4231123885095391,4.2139813295610296,3000
0,0.5,1,10,1.0513915500115554,3.439528000400227,3000
0,0.5,1,11,0.28351021404029636,1.8127084768747979,3000
0,0.5,1,12,1.1092511353734413,3.6932133803977036,3000
0,0.5,1,13,0.6429078813134386,2.938452666868414,3000
0,0.5,1,14,0.6463423910873044,2.9427433115271953,3000
0,0.5,1,15,1.5490689998142524,3.037461162199718,3000
0,0.5,1,16,1.2401123692451477,2.369561562452599,3000
0,0.5,1,17,1.0173581619278096,2.1950998244769973,3000
0,0.5,1,18,1.9647396750584147,5.149973210214156,3000
0,0.5,1,19,0.2786790407127334,2.351274470087229,3000
0,0.5,2,0,1.7638685010546336,6.159385642685968,3000
0,0.5,2,1,0.30789807583512496,3.1789750284436193,3000
0,0.5,2,2,0.08565234287561699,2.0367976708378954,3000
0,0.5,2,3,0.23113200290409738,2.70339122003791,3000
0,0.5,2,4,0.20264665398609047,1.8863118917032797,3000
0,0.5,2,5,0.6661297338935382,3.7242765707844425,3000
0,0.5,2,6,1.3030546073898148,5.110804209579576,3000
0,0.5,2,7,0.3259050141636772,1.0714384012209426,3000
0,0.5,2,8,0.41383798812442785,3.1958123443426714,3000
0,0.5,2,9,0.8964746308777466,4.2139813295610296,3000
0,0.5,2,10,0.32003788869781935,3.439528000400227,3000
0,0.5,2,11,0.17958651607643647,1.8127084768747979,3000
0,0.5,2,12,0.6493155320633256,3.6932133803977036,3000
0,0.5,2,13,0.2958397653663971,2.938452666868414,3000
0,0.5,2,14,0.3035337761532321,2.9427433115271953,3000
0,0.5,2,15,2.4934710095557335,3.037461162199718,3000
0,0.5,2,16,0.7171992673785876,2.369561562452599,3000
0,0.5,2,17,0.48569733971200074,2.1950998244769973,3000
0,0.5,2,18,1.3210098753002695,5.149973210214156,3000
0,0.5,2,19,0.1101808692303145,2.351274470087229,3000
0,0.5,5,0,0.42906441278452745,6.159385642685968,3000
0,0.5,5,1,0.21965257757057546,3.1789750284436193,3000
0,0.5,5,2,0.023482277379095213,2.0367976708378954,3000
0,0.5,5,3,0.050557060300255044,2.70339122003791,3000
0,0.5,5,4,0.04786093090454049,1.8863118917032797,3000
0,0.5,5,5,0.03001047044727737,3.7242765707844425,3000
0,0.5,5,6,0.20478002110869792,5.110804209579576,3000
0,0.5,5,7,0.10744606915764184,1.0714384012209426,3000
0,0.5,5,8,0.019747205915595117,3.1958123443426714,3000
0,0.5,5,9,0.046917355714633666,4.2139813295610296,3000
0,0.5,5,10,0.33294003716463405,3.439528000400227,3000
0,0.5,5,11,0.06384407018202237,1.8127084768747979,3000
0,0.5,5,12,0.027488483279329068,3.6932133803977036,3000
0,0.5,5,13,0.01419587296213668,2.938452666868414,3000
0,0.5,5,14,0.022128621296333428,2.9427433115271953,3000
0,0.5,5,15,2.5120636796101703,3.037461162199718,3000
0,0.5,5,16,1.577138212443594,2.369561562452599,3000
0,0.5,5,17,0.904777415238789,2.1950998244769973,3000
0,0.5,5,18,0.2120738852277433,5.149973210214156,3000
0,0.5,5,19,0.022621675824303838,2.351274470087229,3000
0,0.5,10,0,0.005557844867193541,6.159385642685968,3000
0,0.5,10,1,0.014789377011977172,3.1789750284436193,3000
0,0.5,10,2,0.0032187802109401044,2.0367976708378954,3000
0,0.5,10,3,0.008828754928678273,2.70339122003791,3000
0,0.5,10,4,0.006577077497022771,1.8863118917032797,3000
0,0.5,10,5,0.0052202987158525655,3.7242765707844425,3000
0,0.5,10,6,0.007082060600682264,5.110804209579576,3000
0,0.5,10,7,0.01792566605383804,1.0714384012209426,3000
0,0.5,10,8,0.004264342135904289,3.1958123443426714,3000
0,0.5,10,9,0.002717318577355812,4.2139813295610296,3000
0,0.5,10,10,0.37538930799316916,3.439528000400227,3000
0,0.5,10,11,0.012120924711807238,1.8127084768747979,3000
0,0.5,10,12,0.005522323761842802,3.6932133803977036,3000
0,0.5,10,13,0.0028607427542424292,2.938452666868414,3000
0,0.5,10,14,0.00426715897128558,2.9427433115271953,3000
0,0.5,10,15,1.5175785673942581,3.037461162199718,3000
0,0.5,10,16,0.042961592082367835,2.369561562452599,3000
0,0.5,10,17,0.0317327246124772,2.1950998244769973,3000
0,0.5,10,18,0.0032106375186782697,5.149973210214156,3000
0,0.5,10,19,0.0036993565080945838,2.351274470087229,3000
0,0.5,20,0,0.0002447829916621451,6.159385642685968,3000
0,0.5,20,1,0.0011056371374304076,3.1789750284436193,3000
0,0.5,20,2,9.70914166846185e-05,2.0367976708378954,3000
0,0.5,20,3,0.0003240212499115475,2.70339122003791,3000
0,0.5,20,4,0.0002283013577941106,1.8863118917032797,3000
0,0.5,20,5,0.00017449455314197778,3.7242765707844425,3000
0,0.5,20,6,0.0003145931162832179,5.110804209579576,3000
0,0.5,20,7,0.0005835366479772103,1.0714384012209426,3000
0,0.5,20,8,0.0002034508014129988,3.1958123443426714,3000
0,0.5,20,9,0.00012475127803184214,4.2139813295610296,3000
0,0.5,20,10,0.01038080543261465,3.439528000400227,3000
0,0.5,20,11,0.00046717513579564763,1.8127084768747979,3000
0,0.5,20,12,0.00024434092906327977,3.6932133803977036,3000
0,0.5,20,13,0.00011740349769211013,2.938452666868414,3000
0,0.5,20,14,0.00017245609865273721,2.9427433115271953,3000
0,0.5,20,15,2.451914417961819,3.037461162199718,3000
0,0.5,20,16,0.0030699562923043513,2.369561562452599,3000
0,0.5,20,17,0.0011048107057952676,2.1950998244769973,3000
0,0.5,20,18,0.00016109970443097706,5.149973210214156,3000
0,0.5,20,19,0.00012526688876964603,2.351274470087229,3000
0,0.5,50,0,2.3076439705526808e-08,6.159385642685968,3000
0,0.5,50,1,1.7720901184350517e-06,3.1789750284436193,3000
0,0.5,50,2,1.0421574352748704e-08,2.0367976708378954,3000
0,0.5,50,3,2.705155463921836e-08,2.70339122003791,3000
0,0.5,50,4,2.4246379446620134e-08,1.8863118917032797,3000
0,0.5,50,5,9.526927089167357e-09,3.7242765707844425,3000
0,0.5,50,6,3.012875892992623e-08,5.110804209579576,3000
0,0.5,50,7,4.611277348694326e-08,1.0714384012209426,3000
0,0.5,50,8,2.4170800158336783e-08,3.1958123443426714,3000
0,0.5,50,9,1.32296868254078e-08,4.2139813295610296,3000
0,0.5,50,10,0.3453765703145749,3.439528000400227,3000
0,0.5,50,11,4.3026604916388804e-08,1.8127084768747979,3000
0,0.5,50,12,2.3010344483093038e-08,3.6932133803977036,3000
0,0.5,50,13,9.09242218003241e-09,2.938452666868414,3000
0,0.5,50,14,1.639864202657891e-08,2.9427433115271953,3000
0,0.5,50,15,2.451866148590591,3.037461162199718,3000
0,0.5,50,16,4.839290121553102e-06,2.369561562452599,3000
0,0.5,50,17,1.0821981873234327e-07,2.1950998244769973,3000
0,0.5,50,18,2.263724158306162e-08,5.149973210214156,3000
0,0.5,50,19,1.2606298136257516e-08,2.351274470087229,3000
0,1.0,1,0,2.6945728447496937,6.159385642685968,3000
0,1.0,1,1,1.283601061775822,3.1789750284436193,3000
0,1.0,1,2,0.2851359453817625,2.0367976708378954,3000
0,1.0,1,3,0.7617630329226407,2.70339122003791,3000
0,1.0,1,4,0.3741948136020748,1.8863118917032797,3000
0,1.0,1,5,1.2472446341418182,3.7242765707844425,3000
0,1.0,1,6,2.108113209394923,5.110804209579576,3000
0,1.0,1,7,0.2113239233697847,1.0714384012209426,3000
0,1.0,1,8,0.9417886158802287,3.1958123443426714,3000
0,1.0,1,9,1.5263775388877456,4.2139813295610296,3000
0,1.0,1,10,1.3420304903510283,3.439528000400227,3000
0,1.0,1,11,0.28220683245347084,1.8127084768747979,3000
0,1.0,1,12,1.2289117469193613,3.6932133803977036,3000
0,1.0,1,13,0.7907327293779058,2.938452666868414,3000
0,1.0,1,14,0.7959847881806097,2.9427433115271953,3000
0,1.0,1,15,1.3393974668968736,3.037461162199718,3000
0,1.0,1,16,1.33932558817986,2.369561562452599,3000
0,1.0,1,17,1.077781672393204,2.1950998244769973,3000
0,1.0,1,18,2.1327781427731494,5.149973210214156,3000
0,1.0,1,19,0.45489167003570846,2.351274470087229,3000
0,1.0,2,0,1.1547421725528264,6.159385642685968,3000
0,1.0,2,1,0.2602865117075832,3.1789750284436193,3000
0,1.0,2,2,0.034457936614702284,2.0367976708378954,3000
0,1.0,2,3,0.08052005559147378,2.70339122003791,3000
0,1.0,2,4,0.17180790806484572,1.8863118917032797,3000
0,1.0,2,5,0.31805269916813816,3.7242765707844425,3000
0,1.0,2,6,0.8305061349749884,5.110804209579576,3000
0,1.0,2,7,0.11071028211040611,1.0714384012209426,3000
0,1.0,2,8,0.1534878761901617,3.1958123443426714,3000
0,1.0,2,9,0.4730233679000494,4.2139813295610296,3000
0,1.0,2,10,0.205508044403755,3.439528000400227,3000
0,1.0,2,11,0.06979118547571812,1.8127084768747979,3000
0,1.0,2,12,0.3076557875280061,3.6932133803977036,3000
0,1.0,2,13,0.07760461428355354,2.938452666868414,3000
0,1.0,2,14,0.08736980845879534,2.9427433115271953,3000
0,1.0,2,15,0.8561747606086773,3.037461162199718,3000
0,1.0,2,16,0.4244013421449332,2.369561562452599,3000
0,1.0,2,17,0.26830371678622456,2.1950998244769973,3000
0,1.0,2,18,0.8453010246647022,5.149973210214156,3000
0,1.0,2,19,0.038300241124897216,2.351274470087229,3000
0,1.0,5,0,0.21103718437131094,6.159385642685968,3000
0,1.0,5,1,0.2931644140984988,3.1789750284436193,3000
0,1.0,5,2,0.0017029286261895115,2.0367976708378954,3000
0,1.0,5,3,0.05069882633383891,2.70339122003791,3000
0,1.0,5,4,0.07361565580370338,1.8863118917032797,3000
0,1.0,5,5,0.049033419021517845,3.7242765707844425,3000
0,1.0,5,6,0.1961996093943173,5.110804209579576,3000
0,1.0,5,7,0.031649006117611844,1.0714384012209426,3000
0,1.0,5,8,0.02669048723607542,3.1958123443426714,3000
0,1.0,5,9,0.027590804573327323,4.2139813295610296,3000
0,1.0,5,10,1.25517233351419,3.439528000400227,3000
0,1.0,5,11,0.004955124412983367,1.8127084768747979,3000
0,1.0,5,12,0.046201310603659125,3.6932133803977036,3000
0,1.0,5,13,0.013077742661011226,2.938452666868414,3000
0,1.0,5,14,0.0123911459135293,2.9427433115271953,3000
0,1.0,5,15,0.6604008288232568,3.037461162199718,3000
0,1.0,5,16,1.9526436443232715,2.369561562452599,3000
0,1.0,5,17,1.3253728398419675,2.1950998244769973,3000
0,1.0,5,18,0.20704531450350722,5.149973210214156,3000
0,1.0,5,19,0.0025061735596197104,2.351274470087229,3000
0,1.0,10,0,4.4892642352308764e-05,6.159385642685968,3000
0,1.0,10,1,0.009212017011351017,3.1789750284436193,3000
0,1.0,10,2,2.8686285979019063e-05,2.0367976708378954,3000
0,1.0,10,3,0.02941177800688737,2.70339122003791,3000
0,1.0,10,4,0.01608541620939684,1.8863118917032797,3000
0,1.0,10,5,0.01900715120348082,3.7242765707844425,3000
0,1.0,10,6,0.0005743586376675148,5.110804209579576,3000
0,1.0,10,7,0.0063942911447852,1.0714384012209426,3000
0,1.0,10,8,0.003086077586835078,3.1958123443426714,3000
0,1.0,10,9,0.02279200996020364,4.2139813295610296,3000
0,1.0,10,10,0.056300206183282325,3.439528000400227,3000
0,1.0,10,11,9.497308481892719e-05,1.8127084768747979,3000
0,1.0,10,12,0.015245844103658498,3.6932133803977036,3000
0,1.0,10,13,0.0009270152671789187,2.938452666868414,3000
0,1.0,10,14,0.0006956409347122965,2.9427433115271953,3000
0,1.0,10,15,0.7749766440017133,3.037461162199718,3000
0,1.0,10,16,0.003830804144741813,2.369561562452599,3000
0,1.0,10,17,0.022160801312555087,2.1950998244769973,3000
0,1.0,10,18,0.00031768507166788176,5.149973210214156,3000
0,1.0,10,19,4.077359047495528e-05,2.351274470087229,3000
0,1.0,20,0,1.7685111260568777e-08,6.159385642685968,3000
0,1.0,20,1,0.0013413608652900226,3.1789750284436193,3000
0,1.0,20,2,1.8035269864482255e-08,2.0367976708378954,3000
0,1.0,20,3,0.012172241530727174,2.70339122003791,3000
0,1.0,20,4,0.0009034002224795987,1.8863118917032797,3000
0,1.0,20,5,0.002429165539768723,3.7242765707844425,3000
0,1.0,20,6,3.176422024543488e-05,5.110804209579576,3000
0,1.0,20,7,0.000271404446173255,1.0714384012209426,3000
0,1.0,20,8,3.8294329493957444e-05,3.1958123443426714,3000
0,1.0,20,9,0.013282898454369326,4.2139813295610296,3000
0,1.0,20,10,0.14658922847980194,3.439528000400227,3000
0,1.0,20,11,5.6111879030525285e-08,1.8127084768747979,3000
0,1.0,20,12,0.001426939702829334,3.6932133803977036,3000
0,1.0,20,13,4.566200911886033e-06,2.938452666868414,3000
0,1.0,20,14,2.1970197829366773e-06,2.9427433115271953,3000
0,1.0,20,15,0.0001879832043082094,3.037461162199718,3000
0,1.0,20,16,6.997956320567998e-05,2.369561562452599,3000
0,1.0,20,17,0.0019800179213940146,2.1950998244769973,3000
0,1.0,20,18,1.0424487114815153e-05,5.149973210214156,3000
0,1.0,20,19,2.3990444624027193e-08,2.351274470087229,3000
0,1.0,50,0,7.730597182353061e-17,6.159385642685968,3000
0,1.0,50,1,3.9970484000235215e-06,3.1789750284436193,3000
0,1.0,50,2,7.21058841805647e-17,2.0367976708378954,3000
0,1.0,50,3,0.0008658376238257098,2.70339122003791,3000
0,1.0,50,4,1.5671668888828448e-07,1.8863118917032797,3000
0,1.0,50,5,5.5884412129179835e-06,3.7242765707844425,3000
0,1.0,50,6,5.066760275340574e-09,5.110804209579576,3000
0,1.0,50,7,2.0796056533877135e-08,1.0714384012209426,3000
0,1.0,50,8,7.434932305102475e-11,3.1958123443426714,3000
0,1.0,50,9,0.0028814566738169984,4.2139813295610296,3000
0,1.0,50,10,0.1367096400961141,3.439528000400227,3000
0,1.0,50,11,2.928550287019059e-17,1.8127084768747979,3000
0,1.0,50,12,1.2647656172795427e-06,3.6932133803977036,3000
0,1.0,50,13,5.496318967338687e-13,2.938452666868414,3000
0,1.0,50,14,7.029696009617867e-14,2.9427433115271953,3000
0,1.0,50,15,0.7476910032436481,3.037461162199718,3000
0,1.0,50,16,4.459851980060003e-10,2.369561562452599,3000
0,1.0,50,17,1.476520566341519e-06,2.1950998244769973,3000
0,1.0,50,18,3.6157997860792557e-10,5.149973210214156,3000
0,1.0,50,19,8.987140092528863e-17,2.351274470087229,3000
1,0.01,1,0,2.684565958423912,2.6079535119788075,3000
1,0.01,1,1,1.2775467771181024,4.879216951148503,3000
1,0.01,1,2,1.695675230243874,5.493941034045946,3000
1,0.01,1,3,2.930255990490468,4.641177363423488,3000
1,0.01,1,4,0.2558066458171934,3.448549575650856,3000
1,0.01,1,5,0.9764232380078253,4.430595374678798,3000
1,0.01,1,6,1.389401952338015,5.02479364564243,3000
1,0.01,1,7,4.235157218543064,1.9111542937783796,3000
1,0.01,1,8,0.8786084931649828,4.314922974538716,3000
1,0.01,1,9,2.9704832048223,2.3301275936397543,3000
1,0.01,1,10,6.877836271656476,4.0263583457070276,3000
1,0.01,1,11,4.268575048920218,2.1453926010551814,3000
1,0.01,1,12,3.9476739471110642,2.2561490808708946,3000
1,0.01,1,13,3.2567205387935063,1.6010775820480607,3000
1,0.01,1,14,4.632848115688949,1.6816816405913786,3000
1,0.01,1,15,3.956567313074412,2.498335475821363,3000
1,0.01,1,16,3.5630265318351158,2.4181016222464846,3000
1,0.01,1,17,1.453971298837653,5.127863801953242,3000
1,0.01,1,18,4.352766244540261,2.293806161054952,3000
1,0.01,1,19,2.8742663171528093,1.831434628070212,3000
1,0.01,2,0,2.5877503385649194,2.6079535119788075,3000
1,0.01,2,1,1.265369715422039,4.879216951148503,3000
1,0.01,2,2,1.6819443379786476,5.493941034045946,3000
1,0.01,2,3,2.6522094195284676,4.641177363423488,3000
1,0.01,2,4,0.2511857521506642,3.448549575650856,3000
1,0.01,2,5,0.9654507762827569,4.430595374678798,3000
1,0.01,2,6,1.3768417690219894,5.02479364564243,3000
1,0.01,2,7,4.131108511739449,1.9111542937783796,3000
1,0.01,2,8,0.8680682143568701,4.314922974538716,3000
1,0.01,2,9,2.7993709484746065,2.3301275936397543,3000
1,0.01,2,10,6.746501288338831,4.0263583457070276,3000
1,0.01,2,11,4.189020708688842,2.1453926010551814,3000
1,0.01,2,12,3.7221259803073847,2.2561490808708946,3000
1,0.01,2,13,3.0297042621430363,1.6010775820480607,3000
1,0.01,2,14,4.52609708012933,1.6816816405913786,3000
1,0.01,2,15,3.884861218039209,2.498335475821363,3000
1,0.01,2,16,3.441550091155319,2.4181016222464846,3000
1,0.01,2,17,1.4411555562231384,5.127863801953242,3000
1,0.01,2,18,4.269930122570473,2.293806161054952,3000
1,0.01,2,19,2.7227886701808486,1.831434628070212,3000
1,0.01,5,0,2.3459122174522005,2.6079535119788075,3000
1,0.01,5,1,1.2292060544270196,4.879216951148503,3000
1,0.01,5,2,1.6411626275732156,5.493941034045946,3000
1,0.01,5,3,2.230618735799778,4.641177363423488,3000
1,0.01,5,4,0.23796532976857443,3.448549575650856,3000
1,0.01,5,5,0.9328832818221449,4.430595374678798,3000
1,0.01,5,6,1.3395372298660042,5.02479364564243,3000
1,0.01,5,7,3.8105882071934016,1.9111542937783796,3000
1,0.01,5,8,0.8368145676735126,4.314922974538716,3000
1,0.01,5,9,2.3346772036753025,2.3301275936397543,3000
1,0.01,5,10,6.316263595255054,4.0263583457070276,3000
1,0.01,5,11,3.9226628713664864,2.1453926010551814,3000
1,0.01,5,12,3.1398273395109286,2.2561490808708946,3000
1,0.01,5,13,2.5654242161076843,1.6010775820480607,3000
1,0.01,5,14,4.249207126326364,1.6816816405913786,3000
1,0.01,5,15,3.4286336755035163,2.498335475821363,3000
1,0.01,5,16,3.1070396413324066,2.4181016222464846,3000
1,0.01,5,17,1.4030921087185073,5.127863801953242,3000
1,0.01,5,18,3.8787022004684992,2.293806161054952,3000
1,0.01,5,19,2.4402993636798413,1.831434628070212,3000
1,0.01,10,0,2.013170255751209,2.6079535119788075,3000
1,0.01,10,1,1.1701415025592379,4.879216951148503,3000
1,0.01,10,2,1.574542669034155,5.493941034045946,3000
1,0.01,10,3,1.7881582019268611,4.641177363423488,3000
1,0.01,10,4,0.2180203138223011,3.448549575650856,3000
1,0.01,10,5,0.8797624668811703,4.430595374678798,3000
1,0.01,10,6,1.2785980028510762,5.02479364564243,3000
1,0.01,10,7,3.4405171649555357,1.9111542937783796,3000
1,0.01,10,8,0.7859507626279966,4.314922974538716,3000
1,0.01,10,9,1.911498754432785,2.3301275936397543,3000
1,0.01,10,10,5.799734044544605,4.0263583457070276,3000
1,0.01,10,11,3.5856325909038165,2.1453926010551814,3000
1,0.01,10,12,2.347627439632952,2.2561490808708946,3000
1,0.01,10,13,2.0976719094185445,1.6010775820480607,3000
1,0.01,10,14,3.8667513701382954,1.6816816405913786,3000
1,0.01,10,15,2.870842888951325,2.498335475821363,3000
1,0.01,10,16,2.4802375541939257,2.4181016222464846,3000
1,0.01,10,17,1.3409134882243319,5.127863801953242,3000
1,0.01,10,18,3.373725483174686,2.293806161054952,3000
1,0.01,10,19,2.1155234430050656,1.831434628070212,3000
1,0.01,20,0,1.5591873974440156,2.6079535119788075,3000
1,0.01,20,1,1.056422624529412,4.879216951148503,3000
1,0.01,20,2,1.4462148415766143,5.493941034045946,3000
1,0.01,20,3,1.2830407926959773,4.641177363423488,3000
1,0.01,20,4,0.1854080529780459,3.448549575650856,3000
1,0.01,20,5,0.7778227178858731,4.430595374678798,3000
1,0.01,20,6,1.1612172261352505,5.02479364564243,3000
1,0.01,20,7,2.9090120872694514,1.9111542937783796,3000
1,0.01,20,8,0.6888584921131967,4.314922974538716,3000
1,0.01,20,9,1.4366162339866726,2.3301275936397543,3000
1,0.01,20,10,4.818151404858703,4.0263583457070276,3000
1,0.01,20,11,3.015786462524531,2.1453926010551814,3000
1,0.01,20,12,1.6322064074812856,2.2561490808708946,3000
1,0.01,20,13,1.5421637345450807,1.6010775820480607,3000
1,0.01,20,14,3.280889811819899,1.6816816405913786,3000
1,0.01,20,15,2.09395383440658,2.498335475821363,3000
1,0.01,20,16,2.084297237043333,2.4181016222464846,3000
1,0.01,20,17,1.2211458638409045,5.127863801953242,3000
1,0.01,20,18,2.2984171568987093,2.293806161054952,3000
1,0.01,20,19,1.668625875233369,1.831434628070212,3000
1,0.01,50,0,0.8677295344593685,2.6079535119788075,3000
1,0.01,50,1,0.7485224128272286,4.879216951148503,3000
1,0.01,50,2,1.0977384740215126,5.493941034045946,3000
1,0.01,50,3,0.6261854949906857,4.641177363423488,3000
1,0.01,50,4,0.1296269986589836,3.448549575650856,3000
1,0.01,50,5,0.5068039362259557,4.430595374678798,3000
1,0.01,50,6,0.8426272218735072,5.02479364564243,3000
1,0.01,50,7,1.9695392452850233,1.9111542937783796,3000
1,0.01,50,8,0.43709540032588934,4.314922974538716,3000
1,0.01,50,9,0.7509796086020638,2.3301275936397543,3000
1,0.01,50,10,2.5050957105154503,4.0263583457070276,3000
1,0.01,50,11,2.0144090676674065,2.1453926010551814,3000
1,0.01,50,12,0.9314200107363254,2.2561490808708946,3000
1,0.01,50,13,0.7943117158236768,1.6010775820480607,3000
1,0.01,50,14,2.201830355359944,1.6816816405913786,3000
1,0.01,50,15,1.0418710828755615,2.498335475821363,3000
1,0.01,50,16,1.5551901470735447,2.4181016222464846,3000
1,0.01,50,17,0.8960402323272194,5.127863801953242,3000
1,0.01,50,18,0.6431803518986628,2.293806161054952,3000
1,0.01,50,19,0.9775086719683026,1.831434628070212,3000
1,0.1,1,0,1.0211250334825168,2.6079535119788075,3000
1,0.1,1,1,1.5951563261257862,4.879216951148503,3000
1,0.1,1,2,1.9735225640329273,5.493941034045946,3000
1,0.1,1,3,1.9763502756643658,4.641177363423488,3000
1,0.1,1,4,0.6630469308343054,3.448549575650856,3000
1,0.1,1,5,1.3172889939374255,4.430595374678798,3000
1,0.1,1,6,1.6908594598566502,5.02479364564243,3000
1,0.1,1,7,1.2436069383207042,1.9111542937783796,3000
1,0.1,1,8,1.236852219711918,4.314922974538716,3000
1,0.1,1,9,1.197143602877521,2.3301275936397543,3000
1,0.1,1,10,3.4522856548945198,4.0263583457070276,3000
1,0.1,1,11,1.5800363064517682,2.1453926010551814,3000
1,0.1,1,12,2.8213149873284675,2.2561490808708946,3000
1,0.1,1,13,1.3053413935783553,1.6010775820480607,3000
1,0.1,1,14,1.3842983537219693,1.6816816405913786,3000
1,0.1,1,15,2.66386529087287,2.498335475821363,3000
1,0.1,1,16,2.5778700915400066,2.4181016222464846,3000
1,0.1,1,17,1.7516913927388336,5.127863801953242,3000
1,0.1,1,18,2.1370587080303762,2.293806161054952,3000
1,0.1,1,19,0.9488342945693663,1.831434628070212,3000
1,0.1,2,0,0.8605374526790974,2.6079535119788075,3000
1,0.1,2,1,1.4732161743224446,4.879216951148503,3000
1,0.1,2,2,1.8361832348059235,5.493941034045946,3000
1,0.1,2,3,1.5494493330983903,4.641177363423488,3000
1,0.1,2,4,0.5807279715087035,3.448549575650856,3000
1,0.1,2,5,1.2066798473024536,4.430595374678798,3000
1,0.1,2,6,1.5652429001447172,5.02479364564243,3000
1,0.1,2,7,1.066063410744731,1.9111542937783796,3000
1,0.1,2,8,1.1292586628534635,4.314922974538716,3000
1,0.1,2,9,1.0034722402249523,2.3301275936397543,3000
1,0.1,2,10,4.246780282980335,4.0263583457070276,3000
1,0.1,2,11,1.3463154291219477,2.1453926010551814,3000
1,0.1,2,12,2.4572919059725895,2.2561490808708946,3000
1,0.1,2,13,1.0886518983506264,1.6010775820480607,3000
1,0.1,2,14,1.2279657846445535,1.6816816405913786,3000
1,0.1,2,15,2.397282504237188,2.498335475821363,3000
1,0.1,2,16,2.306435973146476,2.4181016222464846,3000
1,0.1,2,17,1.623503888336142,5.127863801953242,3000
1,0.1,2,18,2.0049650779072823,2.293806161054952,3000
1,0.1,2,19,0.8159033565225153,1.831434628070212,3000
1,0.1,5,0,0.615021202016999,2.6079535119788075,3000
1,0.1,5,1,1.1428438441202036,4.879216951148503,3000
1,0.1,5,2,1.464020228902614,5.493941034045946,3000
1,0.1,5,3,1.0054521109950114,4.641177363423488,3000
1,0.1,5,4,0.3684168450406516,3.448549575650856,3000
1,0.1,5,5,0.9073267693250042,4.430595374678798,3000
1,0.1,5,6,1.2248492042818513,5.02479364564243,3000
1,0.1,5,7,0.8669618210230342,1.9111542937783796,3000
1,0.1,5,8,0.8384682152821066,4.314922974538716,3000
1,0.1,5,9,0.6452473977106945,2.3301275936397543,3000
1,0.1,5,10,3.757386676606047,4.0263583457070276,3000
1,0.1,5,11,1.1865450131380522,2.1453926010551814,3000
1,0.1,5,12,2.1918903954078526,2.2561490808708946,3000
1,0.1,5,13,0.7047242624449106,1.6010775820480607,3000
1,0.1,5,14,1.0871152726174924,1.6816816405913786,3000
1,0.1,5,15,2.3341520770023747,2.498335475821363,3000
1,0.1,5,16,2.3699428235281825,2.4181016222464846,3000
1,0.1,5,17,1.2761462451218024,5.127863801953242,3000
1,0.1,5,18,1.7724399571559215,2.293806161054952,3000
1,0.1,5,19,0.5939292602232783,1.831434628070212,3000
1,0.1,10,0,0.3853674338960279,2.6079535119788075,3000
1,0.1,10,1,0.6945251702668968,4.879216951148503,3000
1,0.1,10,2,0.9580014842206611,5.493941034045946,3000
1,0.1,10,3,0.5851302901983149,4.641177363423488,3000
1,0.1,10,4,0.1431631451775008,3.448549575650856,3000
1,0.1,10,5,0.5049168642285491,4.430595374678798,3000
1,0.1,10,6,0.7622618047027132,5.02479364564243,3000
1,0.1,10,7,0.48994565249425176,1.9111542937783796,3000
1,0.1,10,8,0.4512105840215193,4.314922974538716,3000
1,0.1,10,9,0.34024226755192216,2.3301275936397543,3000
1,0.1,10,10,2.1714395557880066,4.0263583457070276,3000
1,0.1,10,11,0.7545495532821717,2.1453926010551814,3000
1,0.1,10,12,0.931852688492825,2.2561490808708946,3000
1,0.1,10,13,0.40185480308277904,1.6010775820480607,3000
1,0.1,10,14,0.6314888196938356,1.6816816405913786,3000
1,0.1,10,15,1.3558610692652782,2.498335475821363,3000
1,0.1,10,16,0.9403681927702131,2.4181016222464846,3000
1,0.1,10,17,0.804030060478745,5.127863801953242,3000
1,0.1,10,18,1.2715916805779617,2.293806161054952,3000
1,0.1,10,19,0.38033977777561445,1.831434628070212,3000
1,0.1,20,0,0.16762664737606786,2.6079535119788075,3000
1,0.1,20,1,0.13230946521150128,4.879216951148503,3000
1,0.1,20,2,0.27385899942590514,5.493941034045946,3000
1,0.1,20,3,0.20067313203581716,4.641177363423488,3000
1,0.1,20,4,0.04133424068389363,3.448549575650856,3000
1,0.1,20,5,0.0768762748650127,4.430595374678798,3000
1,0.1,20,6,0.16013976399610316,5.02479364564243,3000
1,0.1,20,7,0.22002519190733094,1.9111542937783796,3000
1,0.1,20,8,0.0714659986438337,4.314922974538716,3000
1,0.1,20,9,0.1313084548968514,2.3301275936397543,3000
1,0.1,20,10,3.120331787330096,4.0263583457070276,3000
1,0.1,20,11,0.38260700890075194,2.1453926010551814,3000
1,0.1,20,12,0.39762489045434507,2.2561490808708946,3000
1,0.1,20,13,0.16007539783654465,1.6010775820480607,3000
1,0.1,20,14,0.30026473791682556,1.6816816405913786,3000
1,0.1,20,15,0.658790728337072,2.498335475821363,3000
1,0.1,20,16,0.2801389299723474,2.4181016222464846,3000
1,0.1,20,17,0.18287133909962977,5.127863801953242,3000
1,0.1,20,18,0.6408691054895651,2.293806161054952,3000
1,0.1,20,19,0.17139787835445733,1.831434628070212,3000
1,0.1,50,0,0.0206898781233407,2.6079535119788075,3000
1,0.1,50,1,0.007019814109651164,4.879216951148503,3000
1,0.1,50,2,0.005339647044793028,5.493941034045946,3000
1,0.1,50,3,0.12232951318865203,4.641177363423488,3000
1,0.1,50,4,0.006665405131051274,3.448549575650856,3000
1,0.1,50,5,0.007918522182159167,4.430595374678798,3000
1,0.1,50,6,0.0023794226316218373,5.02479364564243,3000
1,0.1,50,7,0.027493417343728756,1.9111542937783796,3000
1,0.1,50,8,0.010004553559344386,4.314922974538716,3000
1,0.1,50,9,0.014687096864183442,2.3301275936397543,3000
1,0.1,50,10,3.0567279598047103,4.0263583457070276,3000
1,0.1,50,11,0.05627856729535022,2.1453926010551814,3000
1,0.1,50,12,0.0659153661018893,2.2561490808708946,3000
1,0.1,50,13,0.01750441961356907,1.6010775820480607,3000
1,0.1,50,14,0.044949308341769655,1.6816816405913786,3000
1,0.1,50,15,0.09977299317498516,2.498335475821363,3000
1,0.1,50,16,0.055163889109413215,2.4181016222464846,3000
1,0.1,50,17,0.004500379074584291,5.127863801953242,3000
1,0.1,50,18,0.40693913703284634,2.293806161054952,3000
1,0.1,50,19,0.021244681925745874,1.831434628070212,3000
1,0.5,1,0,0.639548951677242,2.6079535119788075,3000
1,0.5,1,1,1.8092853635183217,4.879216951148503,3000
1,0.5,1,2,2.1615107140111247,5.493941034045946,3000
1,0.5,1,3,1.5017649619318258,4.641177363423488,3000
1,0.5,1,4,0.9608819809514908,3.448549575650856,3000
1,0.5,1,5,1.5499448417812907,4.430595374678798,3000
1,0.5,1,6,1.895100759381556,5.02479364564243,3000
1,0.5,1,7,0.6723630649575673,1.9111542937783796,3000
1,0.5,1,8,1.4805304059360271,4.314922974538716,3000
1,0.5,1,9,0.9587460623913341,2.3301275936397543,3000
1,0.5,1,10,2.3743619799534876,4.0263583457070276,3000
1,0.5,1,11,0.8618442500875579,2.1453926010551814,3000
1,0.5,1,12,1.7714522946582503,2.2561490808708946,3000
1,0.5,1,13,0.3903437725120972,1.6010775820480607,3000
1,0.5,1,14,0.6356713023811206,1.6816816405913786,3000
1,0.5,1,15,1.2288580053906442,2.498335475821363,3000
1,0.5,1,16,1.3719843270477925,2.4181016222464846,3000
1,0.5,1,17,1.9531641549175154,5.127863801953242,3000
1,0.5,1,18,1.0404586906057007,2.293806161054952,3000
1,0.5,1,19,0.2045762400685859,1.831434628070212,3000
1,0.5,2,0,0.20833751162833905,2.6079535119788075,3000
1,0.5,2,1,1.1994476618151155,4.879216951148503,3000
1,0.5,2,2,1.4747845140330416,5.493941034045946,3000
1,0.5,2,3,0.7730140098321389,4.641177363423488,3000
1,0.5,2,4,0.5337687000910833,3.448549575650856,3000
1,0.5,2,5,0.996335776415369,4.430595374678798,3000
1,0.5,2,6,1.2670068849238387,5.02479364564243,3000
1,0.5,2,7,0.2595769232865511,1.9111542937783796,3000
1,0.5,2,8,0.941470368039411,4.314922974538716,3000
1,0.5,2,9,0.3968608651037472,2.3301275936397543,3000
1,0.5,2,10,3.705505728158698,4.0263583457070276,3000
1,0.5,2,11,0.36638813968122314,2.1453926010551814,3000
1,0.5,2,12,1.090255474799797,2.2561490808708946,3000
1,0.5,2,13,0.24575023855129277,1.6010775820480607,3000
1,0.5,2,14,0.33113348351986244,1.6816816405913786,3000
1,0.5,2,15,0.7702928389351225,2.498335475821363,3000
1,0.5,2,16,0.849122340456261,2.4181016222464846,3000
1,0.5,2,17,1.3121982593783077,5.127863801953242,3000
1,0.5,2,18,0.5797812280497499,2.293806161054952,3000
1,0.5,2,19,0.1394514679754668,1.831434628070212,3000
1,0.5,5,0,0.05152520922528303,2.6079535119788075,3000
1,0.5,5,1,0.1575573826777798,4.879216951148503,3000
1,0.5,5,2,0.2865161359943634,5.493941034045946,3000
1,0.5,5,3,0.8138094353084441,4.641177363423488,3000
1,0.5,5,4,0.02521859935567291,3.448549575650856,3000
1,0.5,5,5,0.08170976716213374,4.430595374678798,3000
1,0.5,5,6,0.18686162718428972,5.02479364564243,3000
1,0.5,5,7,0.6585232987171681,1.9111542937783796,3000
1,0.5,5,8,0.0669799228976796,4.314922974538716,3000
1,0.5,5,9,0.6758949110801983,2.3301275936397543,3000
1,0.5,5,10,3.8025082322412933,4.0263583457070276,3000
1,0.5,5,11,0.7284442354853012,2.1453926010551814,3000
1,0.5,5,12,1.894807531399253,2.2561490808708946,3000
1,0.5,5,13,0.07433696442533151,1.6010775820480607,3000
1,0.5,5,14,0.817620599636874,1.6816816405913786,3000
1,0.5,5,15,1.742949839104733,2.498335475821363,3000
1,0.5,5,16,1.9134404536890572,2.4181016222464846,3000
1,0.5,5,17,0.2079631315765998,5.127863801953242,3000
1,0.5,5,18,1.4040587994697367,2.293806161054952,3000
1,0.5,5,19,0.047984372660229674,1.831434628070212,3000
1,0.5,10,0,0.009300716638552487,2.6079535119788075,3000
1,0.5,10,1,0.004947221443149871,4.879216951148503,3000
1,0.5,10,2,0.003770853316413367,5.493941034045946,3000
1,0.5,10,3,0.4994639587017872,4.641177363423488,3000
1,0.5,10,4,0.004722684112767692,3.448549575650856,3000
1,0.5,10,5,0.005809027016914341,4.430595374678798,3000
1,0.5,10,6,0.0016717769456712462,5.02479364564243,3000
1,0.5,10,7,0.012756958251022627,1.9111542937783796,3000
1,0.5,10,8,0.006296557584866839,4.314922974538716,3000
1,0.5,10,9,0.015953530039458628,2.3301275936397543,3000
1,0.5,10,10,2.2536900155733246,4.0263583457070276,3000
1,0.5,10,11,0.09593186548843764,2.1453926010551814,3000
1,0.5,10,12,0.05960083647800543,2.2561490808708946,3000
1,0.5,10,13,0.012464809283174387,1.6010775820480607,3000
1,0.5,10,14,0.018419846899402896,1.6816816405913786,3000
1,0.5,10,15,0.032807934670671335,2.498335475821363,3000
1,0.5,10,16,0.05151422123603181,2.4181016222464846,3000
1,0.5,10,17,0.0032852217173167733,5.127863801953242,3000
1,0.5,10,18,0.07836877369571608,2.293806161054952,3000
1,0.5,10,19,0.008906094952788416,1.831434628070212,3000
1,0.5,20,0,0.00037994464961841706,2.6079535119788075,3000
1,0.5,20,1,0.0002213411383067124,4.879216951148503,3000
1,0.5,20,2,0.00016751124256963993,5.493941034045946,3000
1,0.5,20,3,0.8802038137053058,4.641177363423488,3000
1,0.5,20,4,0.0001862693417903476,3.448549575650856,3000
1,0.5,20,5,0.00020338040123984476,4.430595374678798,3000
1,0.5,20,6,8.43510852137073e-05,5.02479364564243,3000
1,0.5,20,7,0.0004628019493102377,1.9111542937783796,3000
1,0.5,20,8,0.0002899103155809386,4.314922974538716,3000
1,0.5,20,9,0.0005492178691699214,2.3301275936397543,3000
1,0.5,20,10,3.6979041519372418,4.0263583457070276,3000
1,0.5,20,11,0.0699234910182854,2.1453926010551814,3000
1,0.5,20,12,0.0064482849471309235,2.2561490808708946,3000
1,0.5,20,13,0.0004243555713293907,1.6010775820480607,3000
1,0.5,20,14,0.0007792242320838021,1.6816816405913786,3000
1,0.5,20,15,0.0023323638730800155,2.498335475821363,3000
1,0.5,20,16,0.0025176014531249394,2.4181016222464846,3000
1,0.5,20,17,0.00016094025312350546,5.127863801953242,3000
1,0.5,20,18,0.03782568150641585,2.293806161054952,3000
1,0.5,20,19,0.0003465634730222987,1.831434628070212,3000
1,0.5,50,0,4.182882862525351e-08,2.6079535119788075,3000
1,0.5,50,1,2.661339377477933e-08,4.879216951148503,3000
1,0.5,50,2,1.5945590801842328e-08,5.493941034045946,3000
1,0.5,50,3,0.08485439735940127,4.641177363423488,3000
1,0.5,50,4,1.7632602974867516e-08,3.448549575650856,3000
1,0.5,50,5,1.2017834713893584e-08,4.430595374678798,3000
1,0.5,50,6,1.126097079518706e-08,5.02479364564243,3000
1,0.5,50,7,4.676200220379506e-08,1.9111542937783796,3000
1,0.5,50,8,2.9789536415921273e-08,4.314922974538716,3000
1,0.5,50,9,4.485306732019848e-08,2.3301275936397543,3000
1,0.5,50,10,3.6904861769225614,4.0263583457070276,3000
1,0.5,50,11,0.04362812590574331,2.1453926010551814,3000
1,0.5,50,12,0.0001419624892641432,2.2561490808708946,3000
1,0.5,50,13,2.8952613038334806e-08,1.6010775820480607,3000
1,0.5,50,14,8.959504201617637e-08,1.6816816405913786,3000
1,0.5,50,15,0.0001701525852597375,2.498335475821363,3000
1,0.5,50,16,3.0974600417379627e-07,2.4181016222464846,3000
1,0.5,50,17,2.091555794319097e-08,5.127863801953242,3000
1,0.5,50,18,0.010679243404486977,2.293806161054952,3000
1,0.5,50,19,3.183447414307343e-08,1.831434628070212,3000
1,1.0,1,0,0.712795367788804,2.6079535119788075,3000
1,1.0,1,1,1.9703556531196098,4.879216951148503,3000
1,1.0,1,2,2.3305620594272547,5.493941034045946,3000
1,1.0,1,3,2.2267196100945945,4.641177363423488,3000
1,1.0,1,4,1.0881484896648541,3.448549575650856,3000
1,1.0,1,5,1.6488042293167673,4.430595374678798,3000
1,1.0,1,6,2.0648934268403454,5.02479364564243,3000
1,1.0,1,7,0.8192045099535747,1.9111542937783796,3000
1,1.0,1,8,1.583292041886104,4.314922974538716,3000
1,1.0,1,9,1.0697344490763596,2.3301275936397543,3000
1,1.0,1,10,1.9218169174099,4.0263583457070276,3000
1,1.0,1,11,1.030175111488776,2.1453926010551814,3000
1,1.0,1,12,1.7797093071356003,2.2561490808708946,3000
1,1.0,1,13,0.2593903958068522,1.6010775820480607,3000
1,1.0,1,14,0.7629342679064132,1.6816816405913786,3000
1,1.0,1,15,1.4195724210765526,2.498335475821363,3000
1,1.0,1,16,1.478656036054149,2.4181016222464846,3000
1,1.0,1,17,2.122732163670785,5.127863801953242,3000
1,1.0,1,18,1.2669265106593262,2.293806161054952,3000
1,1.0,1,19,0.24792928849328078,1.831434628070212,3000
1,1.0,2,0,0.09250482090191887,2.6079535119788075,3000
1,1.0,2,1,0.7506244095020153,4.879216951148503,3000
1,1.0,2,2,0.9570917350154355,5.493941034045946,3000
1,1.0,2,3,0.7387017660519501,4.641177363423488,3000
1,1.0,2,4,0.23056177507309897,3.448549575650856,3000
1,1.0,2,5,0.5414971014714308,4.430595374678798,3000
1,1.0,2,6,0.8087004545669385,5.02479364564243,3000
1,1.0,2,7,0.1425000187438217,1.9111542937783796,3000
1,1.0,2,8,0.5049738411841969,4.314922974538716,3000
1,1.0,2,9,0.2479386440810147,2.3301275936397543,3000
1,1.0,2,10,1.2748102523165734,4.0263583457070276,3000
1,1.0,2,11,0.24928653413934895,2.1453926010551814,3000
1,1.0,2,12,0.8916727289735542,2.2561490808708946,3000
1,1.0,2,13,0.14292286177769223,1.6010775820480607,3000
1,1.0,2,14,0.29715407585446363,1.6816816405913786,3000
1,1.0,2,15,0.49166323835478376,2.498335475821363,3000
1,1.0,2,16,0.6488750237052984,2.4181016222464846,3000
1,1.0,2,17,0.8407840486925307,5.127863801953242,3000
1,1.0,2,18,0.38449487204241845,2.293806161054952,3000
1,1.0,2,19,0.041807893829781236,1.831434628070212,3000
1,1.0,5,0,0.05471959632076232,2.6079535119788075,3000
1,1.0,5,1,0.149369450304272,4.879216951148503,3000
1,1.0,5,2,0.25026246569683486,5.493941034045946,3000
1,1.0,5,3,0.9064224012979248,4.641177363423488,3000
1,1.0,5,4,0.041326047693054396,3.448549575650856,3000
1,1.0,5,5,0.004181366907866192,4.430595374678798,3000
1,1.0,5,6,0.19336685096567585,5.02479364564243,3000
1,1.0,5,7,0.9689747551793861,1.9111542937783796,3000
1,1.0,5,8,0.01356583327131668,4.314922974538716,3000
1,1.0,5,9,1.07297133599271,2.3301275936397543,3000
1,1.0,5,10,1.8966933955491554,4.0263583457070276,3000
1,1.0,5,11,1.240309877870714,2.1453926010551814,3000
1,1.0,5,12,2.365403359536794,2.2561490808708946,3000
1,1.0,5,13,0.12875641674635876,1.6010775820480607,3000
1,1.0,5,14,1.0799741449509592,1.6816816405913786,3000
1,1.0,5,15,2.114330847508002,2.498335475821363,3000
1,1.0,5,16,2.1706022065076063,2.4181016222464846,3000
1,1.0,5,17,0.20877210015614456,5.127863801953242,3000
1,1.0,5,18,1.8461470734943244,2.293806161054952,3000
1,1.0,5,19,0.003084842842614716,1.831434628070212,3000
1,1.0,10,0,0.02471890743736708,2.6079535119788075,3000
1,1.0,10,1,0.0054124560480884355,4.879216951148503,3000
1,1.0,10,2,5.6906530349960956e-05,5.493941034045946,3000
1,1.0,10,3,2.330129736819193,4.641177363423488,3000
1,1.0,10,4,0.009093520963292948,3.448549575650856,3000
1,1.0,10,5,0.0008541856005442079,4.430595374678798,3000
1,1.0,10,6,0.0017564073915650902,5.02479364564243,3000
1,1.0,10,7,0.0010479857107688405,1.9111542937783796,3000
1,1.0,10,8,0.00990837735721842,4.314922974538716,3000
1,1.0,10,9,0.04603072119623366,2.3301275936397543,3000
1,1.0,10,10,1.1124782795599908,4.0263583457070276,3000
1,1.0,10,11,0.03890789394002099,2.1453926010551814,3000
1,1.0,10,12,0.01342523129589834,2.2561490808708946,3000
1,1.0,10,13,0.10756957619173964,1.6010775820480607,3000
1,1.0,10,14,0.0002747027074479312,1.6816816405913786,3000
1,1.0,10,15,0.0029272283221734403,2.498335475821363,3000
1,1.0,10,16,0.0005603016282840359,2.4181016222464846,3000
1,1.0,10,17,0.0005569600580889426,5.127863801953242,3000
1,1.0,10,18,0.012025769586059564,2.293806161054952,3000
1,1.0,10,19,6.637404776524995e-05,1.831434628070212,3000
1,1.0,20,0,0.006252605480583023,2.6079535119788075,3000
1,1.0,20,1,0.0011244605829072863,4.879216951148503,3000
1,1.0,20,2,3.371423346307789e-08,5.493941034045946,3000
1,1.0,20,3,0.6526702011426245,4.641177363423488,3000
1,1.0,20,4,0.00038822982576343666,3.448549575650856,3000
1,1.0,20,5,0.0007489178195152462,4.430595374678798,3000
1,1.0,20,6,6.832034407141379e-05,5.02479364564243,3000
1,1.0,20,7,7.10279805962388e-06,1.9111542937783796,3000
1,1.0,20,8,0.005429530640222744,4.314922974538716,3000
1,1.0,20,9,0.010402923629893228,2.3301275936397543,3000
1,1.0,20,10,0.03751451889800625,4.0263583457070276,3000
1,1.0,20,11,0.006664414414479328,2.1453926010551814,3000
1,1.0,20,12,0.00012967498378306007,2.2561490808708946,3000
1,1.0,20,13,0.08649945888438997,1.6010775820480607,3000
1,1.0,20,14,1.5377605463350091e-07,1.6816816405913786,3000
1,1.0,20,15,9.076336342584626e-05,2.498335475821363,3000
1,1.0,20,16,4.3958813597151846e-07,2.4181016222464846,3000
1,1.0,20,17,1.3880650021301558e-05,5.127863801953242,3000
1,1.0,20,18,0.0006740699597595965,2.293806161054952,3000
1,1.0,20,19,4.100273929053909e-08,1.831434628070212,3000
1,1.0,50,0,9.883162328341712e-05,2.6079535119788075,3000
1,1.0,50,1,7.040841284389158e-06,4.879216951148503,3000
1,1.0,50,2,3.245370453949394e-17,5.493941034045946,3000
1,1.0,50,3,0.573161282566005,4.641177363423488,3000
1,1.0,50,4,3.159226864752947e-08,3.448549575650856,3000
1,1.0,50,5,0.0005101143288543665,4.430595374678798,3000
1,1.0,50,6,3.4140459262222526e-09,5.02479364564243,3000
1,1.0,50,7,2.282074637313435e-12,1.9111542937783796,3000
1,1.0,50,8,0.000919341142508995,4.314922974538716,3000
1,1.0,50,9,0.00012620034992443413,2.3301275936397543,3000
1,1.0,50,10,1.006181465439635,4.0263583457070276,3000
1,1.0,50,11,3.689158619586083e-05,2.1453926010551814,3000
1,1.0,50,12,2.836471193959676e-10,2.2561490808708946,3000
1,1.0,50,13,0.05699506362237227,1.6010775820480607,3000
1,1.0,50,14,1.5445806102916017e-16,1.6816816405913786,3000
1,1.0,50,15,2.823592810571882e-09,2.498335475821363,3000
1,1.0,50,16,2.3265680169844963e-16,2.4181016222464846,3000
1,1.0,50,17,2.0249777188830963e-10,5.127863801953242,3000
1,1.0,50,18,1.2710759866097832e-07,2.293806161054952,3000
1,1.0,50,19,2.361172295085631e-17,1.831434628070212,3000
2,0.01,1,0,0.7456542129852537,2.5349799368088877,3000
2,0.01,1,1,1.004480859005492,4.472986115850451,3000
2,0.01,1,2,0.6332573571322424,2.6098629458952476,3000
2,0.01,1,3,3.4213059854461374,1.3285602195834123,3000
2,0.01,1,4,3.377543769888073,3.213224180499036,3000
2,0.01,1,5,3.688116544706392,1.8264529691407687,3000
2,0.01,1,6,3.612796225145404,2.956997492719966,3000
2,0.01,1,7,4.1959291510850605,1.128873859065269,3000
2,0.01,1,8,0.8877907413342933,4.300072695745216,3000
2,0.01,1,9,3.1931706799692527,2.751756126967385,3000
2,0.01,1,10,3.944411734548728,2.503187916463638,3000
2,0.01,1,11,1.9812202002173946,2.5387938830458854,3000
2,0.01,1,12,3.653591056806398,4.479475742128597,3000
2,0.01,1,13,3.00693569432599,2.2949184785476113,3000
2,0.01,1,14,4.22231248627677,1.8631012009258046,3000
2,0.01,1,15,3.0478517159462677,3.0221977519909107,3000
2,0.01,1,16,3.6472235389389964,2.453595240463608,3000
2,0.01,1,17,0.790762057978558,4.1680974138294715,3000
2,0.01,1,18,4.515369884180874,2.1311746772250575,3000
2,0.01,1,19,4.110419314927384,2.170945237507111,3000
2,0.01,2,0,0.6772179606024271,2.5349799368088877,3000
2,0.01,2,1,0.9933313439841309,4.472986115850451,3000
2,0.01,2,2,0.5822784226481598,2.6098629458952476,3000
2,0.01,2,3,3.1546634154317976,1.3285602195834123,3000
2,0.01,2,4,3.263133159524025,3.213224180499036,3000
2,0.01,2,5,3.465529880448991,1.8264529691407687,3000
2,0.01,2,6,3.5327055682125006,2.956997492719966,3000
2,0.01,2,7,3.9689695616564906,1.128873859065269,3000
2,0.01,2,8,0.8773249882822998,4.300072695745216,3000
2,0.01,2,9,3.1033649430800057,2.751756126967385,3000
2,0.01,2,10,3.8547169263370775,2.503187916463638,3000
2,0.01,2,11,1.8695480718770734,2.5387938830458854,3000
2,0.01,2,12,3.386397469832457,4.479475742128597,3000
2,0.01,2,13,2.8511453116204515,2.2949184785476113,3000
2,0.01,2,14,4.091286118081591,1.8631012009258046,3000
2,0.01,2,15,3.052414162393719,3.0221977519909107,3000
2,0.01,2,16,3.522622719881415,2.453595240463608,3000
2,0.01,2,17,0.7804532800050742,4.1680974138294715,3000
2,0.01,2,18,4.3773375270585975,2.1311746772250575,3000
2,0.01,2,19,3.946160519473217,2.170945237507111,3000
2,0.01,5,0,0.5415730608763201,2.5349799368088877,3000
2,0.01,5,1,0.9602259894408116,4.472986115850451,3000
2,0.01,5,2,0.4749566844369241,2.6098629458952476,3000
2,0.01,5,3,2.655253122943279,1.3285602195834123,3000
2,0.01,5,4,3.052101821845764,3.213224180499036,3000
2,0.01,5,5,2.8971234240413235,1.8264529691407687,3000
2,0.01,5,6,3.3813411526215797,2.956997492719966,3000
2,0.01,5,7,3.4750011708687714,1.128873859065269,3000
2,0.01,5,8,0.8462964235148258,4.300072695745216,3000
2,0.01,5,9,2.8903105711235635,2.751756126967385,3000
2,0.01,5,10,3.4677360561705237,2.503187916463638,3000
2,0.01,5,11,1.5894901691337588,2.5387938830458854,3000
2,0.01,5,12,3.1777726119578165,4.479475742128597,3000
2,0.01,5,13,2.4645906791130074,2.2949184785476113,3000
2,0.01,5,14,3.7447404616984636,1.8631012009258046,3000
2,0.01,5,15,2.56733873386083,3.0221977519909107,3000
2,0.01,5,16,3.1910836663590723,2.453595240463608,3000
2,0.01,5,17,0.7498704148955406,4.1680974138294715,3000
2,0.01,5,18,3.990873031224752,2.1311746772250575,3000
2,0.01,5,19,3.458616133211917,2.170945237507111,3000
2,0.01,10,0,0.41443799315222735,2.5349799368088877,3000
2,0.01,10,1,0.9061828907651359,4.472986115850451,3000
2,0.01,10,2,0.368740025288918,2.6098629458952476,3000
2,0.01,10,3,2.144284252634794,1.3285602195834123,3000
2,0.01,10,4,2.7493333029650917,3.213224180499036,3000
2,0.01,10,5,2.396621754336152,1.8264529691407687,3000
2,0.01,10,6,3.1589931249222656,2.956997492719966,3000
2,0.01,10,7,2.900735339087591,1.128873859065269,3000
2,0.01,10,8,0.7958133629438918,4.300072695745216,3000
2,0.01,10,9,2.5696983435643226,2.751756126967385,3000
2,0.01,10,10,2.8868550381791653,2.503187916463638,3000
2,0.01,10,11,1.2621361000387565,2.5387938830458854,3000
2,0.01,10,12,2.7883299908218464,4.479475742128597,3000
2,0.01,10,13,2.0273635864005595,2.2949184785476113,3000
2,0.01,10,14,3.263924994130914,1.8631012009258046,3000
2,0.01,10,15,1.4983134100476798,3.0221977519909107,3000
2,0.01,10,16,2.75104075364427,2.453595240463608,3000
2,0.01,10,17,0.7000450374815324,4.1680974138294715,3000
2,0.01,10,18,3.5004842514316743,2.1311746772250575,3000
2,0.01,10,19,2.83357726264116,2.170945237507111,3000
2,0.01,20,0,0.2886423986728533,2.5349799368088877,3000
2,0.01,20,1,0.802270940140494,4.472986115850451,3000
2,0.01,20,2,0.26023455555623914,2.6098629458952476,3000
2,0.01,20,3,1.5491485828522007,1.3285602195834123,3000
2,0.01,20,4,2.254891483901989,3.213224180499036,3000
2,0.01,20,5,1.7921093459570723,1.8264529691407687,3000
2,0.01,20,6,2.7702600445749512,2.956997492719966,3000
2,0.01,20,7,2.1690971745189276,1.128873859065269,3000
2,0.01,20,8,0.6995089017759353,4.300072695745216,3000
2,0.01,20,9,2.0600284025603504,2.751756126967385,3000
2,0.01,20,10,2.2490547497963145,2.503187916463638,3000
2,0.01,20,11,0.88355504145217,2.5387938830458854,3000
2,0.01,20,12,2.3891066905056033,4.479475742128597,3000
2,0.01,20,13,1.4959192370445045,2.2949184785476113,3000
2,0.01,20,14,2.625366644538031,1.8631012009258046,3000
2,0.01,20,15,1.4259691374263443,3.0221977519909107,3000
2,0.01,20,16,2.089473475782356,2.453595240463608,3000
2,0.01,20,17,0.6047308301136114,4.1680974138294715,3000
2,0.01,20,18,2.8081372184687834,2.1311746772250575,3000
2,0.01,20,19,2.0247383456419454,2.170945237507111,3000
2,0.01,50,0,0.16836053439818277,2.5349799368088877,3000
2,0.01,50,1,0.523432231254087,4.472986115850451,3000
2,0.01,50,2,0.1559451506631428,2.6098629458952476,3000
2,0.01,50,3,0.7836153800830353,1.3285602195834123,3000
2,0.01,50,4,1.335815064250016,3.213224180499036,3000
2,0.01,50,5,0.9376692443997758,1.8264529691407687,3000
2,0.01,50,6,1.9140669098685323,2.956997492719966,3000
2,0.01,50,7,1.1335396650420562,1.128873859065269,3000
2,0.01,50,8,0.4504584865318322,4.300072695745216,3000
2,0.01,50,9,1.150714582680126,2.751756126967385,3000
2,0.01,50,10,1.1677125625132685,2.503187916463638,3000
2,0.01,50,11,0.43364035881955715,2.5387938830458854,3000
2,0.01,50,12,1.4324620437257287,4.479475742128597,3000
2,0.01,50,13,0.7690942508382912,2.2949184785476113,3000
2,0.01,50,14,1.5912920952510834,1.8631012009258046,3000
2,0.01,50,15,0.9337414772656278,3.0221977519909107,3000
2,0.01,50,16,1.130320984881847,2.453595240463608,3000
2,0.01,50,17,0.35613421461303146,4.1680974138294715,3000
2,0.01,50,18,1.63105681080562,2.1311746772250575,3000
2,0.01,50,19,1.0468578802959496,2.170945237507111,3000
2,0.1,1,0,0.18877424173340518,2.5349799368088877,3000
2,0.1,1,1,1.344685684276879,4.472986115850451,3000
2,0.1,1,2,0.12365320458344554,2.6098629458952476,3000
2,0.1,1,3,1.4258234859847019,1.3285602195834123,3000
2,0.1,1,4,1.2960678021661463,3.213224180499036,3000
2,0.1,1,5,1.5478283417438508,1.8264529691407687,3000
2,0.1,1,6,1.0609361175564147,2.956997492719966,3000
2,0.1,1,7,1.667729098683,1.128873859065269,3000
2,0.1,1,8,1.233638016319025,4.300072695745216,3000
2,0.1,1,9,1.1510768889841627,2.751756126967385,3000
2,0.1,1,10,2.0048114710504663,2.503187916463638,3000
2,0.1,1,11,0.8602611676154438,2.5387938830458854,3000
2,0.1,1,12,2.3374479728669195,4.479475742128597,3000
2,0.1,1,13,1.2471837100953986,2.2949184785476113,3000
2,0.1,1,14,1.4785736546776196,1.8631012009258046,3000
2,0.1,1,15,3.4887506955632293,3.0221977519909107,3000
2,0.1,1,16,1.4863961832365369,2.453595240463608,3000
2,0.1,1,17,1.1513108394652738,4.1680974138294715,3000
2,0.1,1,18,1.5473561013278658,2.1311746772250575,3000
2,0.1,1,19,1.9103075081691487,2.170945237507111,3000
2,0.1,2,0,0.17264780922807998,2.5349799368088877,3000
2,0.1,2,1,1.2329048392759532,4.472986115850451,3000
2,0.1,2,2,0.11599950476447402,2.6098629458952476,3000
2,0.1,2,3,1.1697023221835727,1.3285602195834123,3000
2,0.1,2,4,1.0202018876026995,3.213224180499036,3000
2,0.1,2,5,1.2996955011473172,1.8264529691407687,3000
2,0.1,2,6,0.8324358092341525,2.956997492719966,3000
2,0.1,2,7,1.4376176691514175,1.128873859065269,3000
2,0.1,2,8,1.1265553025881856,4.300072695745216,3000
2,0.1,2,9,0.9780979511641941,2.751756126967385,3000
2,0.1,2,10,1.7907217863752998,2.503187916463638,3000
2,0.1,2,11,0.7241101343186016,2.5387938830458854,3000
2,0.1,2,12,1.6976379581767453,4.479475742128597,3000
2,0.1,2,13,1.0345259178547306,2.2949184785476113,3000
2,0.1,2,14,1.2842584114479543,1.8631012009258046,3000
2,0.1,2,15,3.102871796724953,3.0221977519909107,3000
2,0.1,2,16,1.2337192840606688,2.453595240463608,3000
2,0.1,2,17,1.0472307912540364,4.1680974138294715,3000
2,0.1,2,18,1.3345946013316148,2.1311746772250575,3000
2,0.1,2,19,1.5992748788241868,2.170945237507111,3000
2,0.1,5,0,0.13647945968157293,2.5349799368088877,3000
2,0.1,5,1,0.9301851277932766,4.472986115850451,3000
2,0.1,5,2,0.09647976151831446,2.6098629458952476,3000
2,0.1,5,3,0.7549151128905609,1.3285602195834123,3000
2,0.1,5,4,0.7286409375596182,3.213224180499036,3000
2,0.1,5,5,0.7941563595548269,1.8264529691407687,3000
2,0.1,5,6,0.6116581666799151,2.956997492719966,3000
2,0.1,5,7,1.0016913908433884,1.128873859065269,3000
2,0.1,5,8,0.8373017287378682,4.300072695745216,3000
2,0.1,5,9,0.7420106179329526,2.751756126967385,3000
2,0.1,5,10,1.3755354457858917,2.503187916463638,3000
2,0.1,5,11,0.47200389287333583,2.5387938830458854,3000
2,0.1,5,12,2.0749828546992166,4.479475742128597,3000
2,0.1,5,13,0.7014607229571775,2.2949184785476113,3000
2,0.1,5,14,1.2077954003687603,1.8631012009258046,3000
2,0.1,5,15,3.273667816021019,3.0221977519909107,3000
2,0.1,5,16,1.0152561530562443,2.453595240463608,3000
2,0.1,5,17,0.7658203831725757,4.1680974138294715,3000
2,0.1,5,18,1.0071599825829063,2.1311746772250575,3000
2,0.1,5,19,1.315952583238761,2.170945237507111,3000
2,0.1,10,0,0.0956870438387162,2.5349799368088877,3000
2,0.1,10,1,0.5216602778600103,4.472986115850451,3000
2,0.1,10,2,0.07157583243379569,2.6098629458952476,3000
2,0.1,10,3,0.4194600915667809,1.3285602195834123,3000
2,0.1,10,4,0.49686730077309066,3.213224180499036,3000
2,0.1,10,5,0.44473377434892236,1.8264529691407687,3000
2,0.1,10,6,0.44719197151415147,2.956997492719966,3000
2,0.1,10,7,0.5940408971293197,1.128873859065269,3000
2,0.1,10,8,0.45309683618386254,4.300072695745216,3000
2,0.1,10,9,0.508891670086402,2.751756126967385,3000
2,0.1,10,10,0.8841128215080923,2.503187916463638,3000
2,0.1,10,11,0.2628652046332366,2.5387938830458854,3000
2,0.1,10,12,0.6941834552888462,4.479475742128597,3000
2,0.1,10,13,0.3996624262422531,2.2949184785476113,3000
2,0.1,10,14,0.605764214147995,1.8631012009258046,3000
2,0.1,10,15,1.4890980057616754,3.0221977519909107,3000
2,0.1,10,16,0.6057921342025524,2.453595240463608,3000
2,0.1,10,17,0.3916640824133509,4.1680974138294715,3000
2,0.1,10,18,0.6226646878487804,2.1311746772250575,3000
2,0.1,10,19,0.6852933529909769,2.170945237507111,3000
2,0.1,20,0,0.04829529889505464,2.5349799368088877,3000
2,0.1,20,1,0.06735879194254414,4.472986115850451,3000
2,0.1,20,2,0.03957783358668962,2.6098629458952476,3000
2,0.1,20,3,0.1570616193586461,1.3285602195834123,3000
2,0.1,20,4,0.23682367319495598,3.213224180499036,3000
2,0.1,20,5,0.18722506548075632,1.8264529691407687,3000
2,0.1,20,6,0.24094105820166517,2.956997492719966,3000
2,0.1,20,7,0.23245731657081306,1.128873859065269,3000
2,0.1,20,8,0.08432812034456921,4.300072695745216,3000
2,0.1,20,9,0.24390899885133369,2.751756126967385,3000
2,0.1,20,10,0.5333167178930773,2.503187916463638,3000
2,0.1,20,11,0.09931815048909169,2.5387938830458854,3000
2,0.1,20,12,1.4343874907813694,4.479475742128597,3000
2,0.1,20,13,0.15298072894594267,2.2949184785476113,3000
2,0.1,20,14,0.2823220757397242,1.8631012009258046,3000
2,0.1,20,15,0.5914821589793247,3.0221977519909107,3000
2,0.1,20,16,0.25575312722114085,2.453595240463608,3000
2,0.1,20,17,0.03970213083852425,4.1680974138294715,3000
2,0.1,20,18,0.27797310976753536,2.1311746772250575,3000
2,0.1,20,19,0.24142446244145221,2.170945237507111,3000
2,0.1,50,0,0.006843300824697747,2.5349799368088877,3000
2,0.1,50,1,0.004693568114497645,4.472986115850451,3000
2,0.1,50,2,0.006732379457066433,2.6098629458952476,3000
2,0.1,50,3,0.01694379451645328,1.3285602195834123,3000
2,0.1,50,4,0.028159961664279226,3.213224180499036,3000
2,0.1,50,5,0.021408549271466723,1.8264529691407687,3000
2,0.1,50,6,0.039658464752533686,2.956997492719966,3000
2,0.1,50,7,0.019604554136528562,1.128873859065269,3000
2,0.1,50,8,0.008956531652030792,4.300072695745216,3000
2,0.1,50,9,0.02951152138949504,2.751756126967385,3000
2,0.1,50,10,0.2652376921567241,2.503187916463638,3000
2,0.1,50,11,0.010646297997335285,2.5387938830458854,3000
2,0.1,50,12,0.17851628663087063,4.479475742128597,3000
2,0.1,50,13,0.01537242299389223,2.2949184785476113,3000
2,0.1,50,14,0.03780568240090466,1.8631012009258046,3000
2,0.1,50,15,0.2400245791293272,3.0221977519909107,3000
2,0.1,50,16,0.021744167076900803,2.453595240463608,3000
2,0.1,50,17,0.003966002882895134,4.1680974138294715,3000
2,0.1,50,18,0.037848347720085135,2.1311746772250575,3000
2,0.1,50,19,0.023958502536400153,2.170945237507111,3000
2,0.5,1,0,0.39337789540026996,2.5349799368088877,3000
2,0.5,1,1,1.574948861788066,4.472986115850451,3000
2,0.5,1,2,0.4341756426526046,2.6098629458952476,3000
2,0.5,1,3,0.3973348059723924,1.3285602195834123,3000
2,0.5,1,4,0.8634317458268022,3.213224180499036,3000
2,0.5,1,5,0.9389981014899895,1.8264529691407687,3000
2,0.5,1,6,0.8608756227993526,2.956997492719966,3000
2,0.5,1,7,0.44816430988141026,1.128873859065269,3000
2,0.5,1,8,1.473269322218674,4.300072695745216,3000
2,0.5,1,9,0.7470344692988701,2.751756126967385,3000
2,0.5,1,10,1.2231080047292333,2.503187916463638,3000
2,0.5,1,11,0.5483360993625077,2.5387938830458854,3000
2,0.5,1,12,1.4195407110767286,4.479475742128597,3000
2,0.5,1,13,0.6882777232264519,2.2949184785476113,3000
2,0.5,1,14,0.7937743621514508,1.8631012009258046,3000
2,0.5,1,15,1.6291298901456608,3.0221977519909107,3000
2,0.5,1,16,0.9226605674589121,2.453595240463608,3000
2,0.5,1,17,1.3962691949690353,4.1680974138294715,3000
2,0.5,1,18,0.9430475158186504,2.1311746772250575,3000
2,0.5,1,19,1.03414904761128,2.170945237507111,3000
2,0.5,2,0,0.16133103066369223,2.5349799368088877,3000
2,0.5,2,1,1.015883296349717,4.472986115850451,3000
2,0.5,2,2,0.1705381050734863,2.6098629458952476,3000
2,0.5,2,3,0.23555288517768888,1.3285602195834123,3000
2,0.5,2,4,0.29415471943458044,3.213224180499036,3000
2,0.5,2,5,0.3848895882210558,1.8264529691407687,3000
2,0.5,2,6,0.2888116935346715,2.956997492719966,3000
2,0.5,2,7,0.28906101498309944,1.128873859065269,3000
2,0.5,2,8,0.9363331000333516,4.300072695745216,3000
2,0.5,2,9,0.2627905320837701,2.751756126967385,3000
2,0.5,2,10,2.086181161134623,2.503187916463638,3000
2,0.5,2,11,0.19921751681343475,2.5387938830458854,3000
2,0.5,2,12,1.1306184271322943,4.479475742128597,3000
2,0.5,2,13,0.2511683617709151,2.2949184785476113,3000
2,0.5,2,14,0.38609913781918154,1.8631012009258046,3000
2,0.5,2,15,1.107641802356325,3.0221977519909107,3000
2,0.5,2,16,0.3271668115963401,2.453595240463608,3000
2,0.5,2,17,0.8753934731826879,4.1680974138294715,3000
2,0.5,2,18,0.3249576206782744,2.1311746772250575,3000
2,0.5,2,19,0.5395490523603045,2.170945237507111,3000
2,0.5,5,0,0.028168144236448908,2.5349799368088877,3000
2,0.5,5,1,0.08362913634170094,4.472986115850451,3000
2,0.5,5,2,0.018625026345851566,2.6098629458952476,3000
2,0.5,5,3,0.0698569753743924,1.3285602195834123,3000
2,0.5,5,4,0.3183683005080076,3.213224180499036,3000
2,0.5,5,5,0.77366845349837,1.8264529691407687,3000
2,0.5,5,6,0.06819369309542828,2.956997492719966,3000
2,0.5,5,7,0.09426378403267184,1.128873859065269,3000
2,0.5,5,8,0.07276589256225496,4.300072695745216,3000
2,0.5,5,9,0.06638062122294279,2.751756126967385,3000
2,0.5,5,10,1.4637117351040252,2.503187916463638,3000
2,0.5,5,11,0.04485406592134179,2.5387938830458854,3000
2,0.5,5,12,0.6186641308494188,4.479475742128597,3000
2,0.5,5,13,0.2618713119470303,2.2949184785476113,3000
2,0.5,5,14,1.0513965246590424,1.8631012009258046,3000
2,0.5,5,15,2.451917926355194,3.0221977519909107,3000
2,0.5,5,16,0.7032790860134649,2.453595240463608,3000
2,0.5,5,17,0.04194742002953298,4.1680974138294715,3000
2,0.5,5,18,0.6989003826615093,2.1311746772250575,3000
2,0.5,5,19,0.8513779019160767,2.170945237507111,3000
2,0.5,10,0,0.004683488047194783,2.5349799368088877,3000
2,0.5,10,1,0.0032708279071189924,4.472986115850451,3000
2,0.5,10,2,0.0038320129576366858,2.6098629458952476,3000
2,0.5,10,3,0.011180069109239944,1.3285602195834123,3000
2,0.5,10,4,0.011666582913132002,3.213224180499036,3000
2,0.5,10,5,0.013732672235498247,1.8264529691407687,3000
2,0.5,10,6,0.022412636281984852,2.956997492719966,3000
2,0.5,10,7,0.01598759342268959,1.128873859065269,3000
2,0.5,10,8,0.0071142995609302295,4.300072695745216,3000
2,0.5,10,9,0.012462655700287536,2.751756126967385,3000
2,0.5,10,10,1.2462154919007453,2.503187916463638,3000
2,0.5,10,11,0.0075792607808651625,2.5387938830458854,3000
2,0.5,10,12,0.8397675121330328,4.479475742128597,3000
2,0.5,10,13,0.02754343079114934,2.2949184785476113,3000
2,0.5,10,14,0.018144307565387242,1.8631012009258046,3000
2,0.5,10,15,0.2649407059395373,3.0221977519909107,3000
2,0.5,10,16,0.0168862924399355,2.453595240463608,3000
2,0.5,10,17,0.0027645762547493053,4.1680974138294715,3000
2,0.5,10,18,0.02743341217638669,2.1311746772250575,3000
2,0.5,10,19,0.44934421912586986,2.170945237507111,3000
2,0.5,20,0,0.00015919325054543484,2.5349799368088877,3000
2,0.5,20,1,0.00015841206933299074,4.472986115850451,3000
2,0.5,20,2,0.00016611442153223555,2.6098629458952476,3000
2,0.5,20,3,0.0003745636501070457,1.3285602195834123,3000
2,0.5,20,4,0.0004905660925212336,3.213224180499036,3000
2,0.5,20,5,0.00048166704539979614,1.8264529691407687,3000
2,0.5,20,6,0.0026610400969633275,2.956997492719966,3000
2,0.5,20,7,0.0004983550793625547,1.128873859065269,3000
2,0.5,20,8,0.00019033291061422655,4.300072695745216,3000
2,0.5,20,9,0.0005177282459052112,2.751756126967385,3000
2,0.5,20,10,0.10540627465501014,2.503187916463638,3000
2,0.5,20,11,0.0002556470844963814,2.5387938830458854,3000
2,0.5,20,12,0.5431371143662094,4.479475742128597,3000
2,0.5,20,13,0.009847686779920803,2.2949184785476113,3000
2,0.5,20,14,0.0007510201452369021,1.8631012009258046,3000
2,0.5,20,15,0.003227449444113218,3.0221977519909107,3000
2,0.5,20,16,0.0007531358086492067,2.453595240463608,3000
2,0.5,20,17,0.00012171002888266788,4.1680974138294715,3000
2,0.5,20,18,0.002657703592391775,2.1311746772250575,3000
2,0.5,20,19,0.0008896628249218439,2.170945237507111,3000
2,0.5,50,0,1.5218771077765852e-08,2.5349799368088877,3000
2,0.5,50,1,1.934154215353151e-08,4.472986115850451,3000
2,0.5,50,2,1.4700551873175927e-08,2.6098629458952476,3000
2,0.5,50,3,3.199218874099291e-08,1.3285602195834123,3000
2,0.5,50,4,4.6982975961683846e-08,3.213224180499036,3000
2,0.5,50,5,4.754303321069994e-08,1.8264529691407687,3000
2,0.5,50,6,6.514383949192352e-06,2.956997492719966,3000
2,0.5,50,7,2.748681305295698e-08,1.128873859065269,3000
2,0.5,50,8,1.3340151008340192e-08,4.300072695745216,3000
2,0.5,50,9,5.4015510551040475e-08,2.751756126967385,3000
2,0.5,50,10,1.066169025858364,2.503187916463638,3000
2,0.5,50,11,2.233662286917582e-08,2.5387938830458854,3000
2,0.5,50,12,1.1865160176278151,4.479475742128597,3000
2,0.5,50,13,0.0008680566401651987,2.2949184785476113,3000
2,0.5,50,14,9.026188813632909e-08,1.8631012009258046,3000
2,0.5,50,15,0.2562350407352062,3.0221977519909107,3000
2,0.5,50,16,2.1553737975982425e-05,2.453595240463608,3000
2,0.5,50,17,1.1309341929795117e-08,4.1680974138294715,3000
2,0.5,50,18,5.418922283902407e-06,2.1311746772250575,3000
2,0.5,50,19,0.4553973253984539,2.170945237507111,3000
2,1.0,1,0,0.5614582901259687,2.5349799368088877,3000
2,1.0,1,1,1.695007051010445,4.472986115850451,3000
2,1.0,1,2,0.601297705601891,2.6098629458952476,3000
2,1.0,1,3,0.13947147105040883,1.3285602195834123,3000
2,1.0,1,4,1.3152902354693414,3.213224180499036,3000
2,1.0,1,5,1.0720804147018008,1.8264529691407687,3000
2,1.0,1,6,1.1332652585644272,2.956997492719966,3000
2,1.0,1,7,0.14988387605288656,1.128873859065269,3000
2,1.0,1,8,1.5753745367756757,4.300072695745216,3000
2,1.0,1,9,0.9269150552130547,2.751756126967385,3000
2,1.0,1,10,1.2376894534353147,2.503187916463638,3000
2,1.0,1,11,0.6376569435215538,2.5387938830458854,3000
2,1.0,1,12,2.3959411100862624,4.479475742128597,3000
2,1.0,1,13,0.9003795663870902,2.2949184785476113,3000
2,1.0,1,14,0.9151249126507027,1.8631012009258046,3000
2,1.0,1,15,1.7469361795682616,3.0221977519909107,3000
2,1.0,1,16,1.060837289324651,2.453595240463608,3000
2,1.0,1,17,1.5005088971151481,4.1680974138294715,3000
2,1.0,1,18,1.0575754261360255,2.1311746772250575,3000
2,1.0,1,19,1.1394158308133602,2.170945237507111,3000
2,1.0,2,0,0.04101335235487101,2.5349799368088877,3000
2,1.0,2,1,0.5768397191950027,4.472986115850451,3000
2,1.0,2,2,0.023895111773726073,2.6098629458952476,3000
2,1.0,2,3,0.055650928061906,1.3285602195834123,3000
2,1.0,2,4,0.26882757800740326,3.213224180499036,3000
2,1.0,2,5,0.17392437471425481,1.8264529691407687,3000
2,1.0,2,6,0.19280997332262667,2.956997492719966,3000
2,1.0,2,7,0.06609460038628062,1.128873859065269,3000
2,1.0,2,8,0.5012709578604865,4.300072695745216,3000
2,1.0,2,9,0.10140871431023978,2.751756126967385,3000
2,1.0,2,10,0.45807586190911737,2.503187916463638,3000
2,1.0,2,11,0.055368879062311256,2.5387938830458854,3000
2,1.0,2,12,0.7378241706569248,4.479475742128597,3000
2,1.0,2,13,0.12333456700821518,2.2949184785476113,3000
2,1.0,2,14,0.27142643103380404,1.8631012009258046,3000
2,1.0,2,15,0.8238988534716004,3.0221977519909107,3000
2,1.0,2,16,0.20082913725730347,2.453595240463608,3000
2,1.0,2,17,0.45865525428654846,4.1680974138294715,3000
2,1.0,2,18,0.1529095267649669,2.1311746772250575,3000
2,1.0,2,19,0.4147542550602761,2.170945237507111,3000
2,1.0,5,0,0.0030362354661139504,2.5349799368088877,3000
2,1.0,5,1,0.029763045971267686,4.472986115850451,3000
2,1.0,5,2,0.002428264763431264,2.6098629458952476,3000
2,1.0,5,3,0.004411251660809072,1.3285602195834123,3000
2,1.0,5,4,0.3747852959858953,3.213224180499036,3000
2,1.0,5,5,1.2666193135277366,1.8264529691407687,3000
2,1.0,5,6,0.31616814412340505,2.956997492719966,3000
2,1.0,5,7,0.005978076184915532,1.128873859065269,3000
2,1.0,5,8,0.016223056701557086,4.300072695745216,3000
2,1.0,5,9,0.19436873678354025,2.751756126967385,3000
2,1.0,5,10,1.464027351991485,2.503187916463638,3000
2,1.0,5,11,0.011216700219413733,2.5387938830458854,3000
2,1.0,5,12,0.9906009924621495,4.479475742128597,3000
2,1.0,5,13,0.7380450490241375,2.2949184785476113,3000
2,1.0,5,14,1.3226631060304057,1.8631012009258046,3000
2,1.0,5,15,2.6534428447938274,3.0221977519909107,3000
2,1.0,5,16,0.8684313310657965,2.453595240463608,3000
2,1.0,5,17,0.03216820488757228,4.1680974138294715,3000
2,1.0,5,18,1.0832443440732227,2.1311746772250575,3000
2,1.0,5,19,1.2902274308171826,2.170945237507111,3000
2,1.0,10,0,5.217041634969586e-05,2.5349799368088877,3000
2,1.0,10,1,0.015090277188256349,4.472986115850451,3000
2,1.0,10,2,5.705842657409588e-05,2.6098629458952476,3000
2,1.0,10,3,8.54085500475188e-05,1.3285602195834123,3000
2,1.0,10,4,0.020781325861183978,3.213224180499036,3000
2,1.0,10,5,0.012802417467198603,1.8264529691407687,3000
2,1.0,10,6,0.008643094165476154,2.956997492719966,3000
2,1.0,10,7,0.0001172310499653249,1.128873859065269,3000
2,1.0,10,8,0.012165308845090136,4.300072695745216,3000
2,1.0,10,9,0.03240837523574136,2.751756126967385,3000
2,1.0,10,10,0.14875863226790229,2.503187916463638,3000
2,1.0,10,11,0.0011131166090898985,2.5387938830458854,3000
2,1.0,10,12,3.38118725117268,4.479475742128597,3000
2,1.0,10,13,0.0006769777405872867,2.2949184785476113,3000
2,1.0,10,14,0.0012859442663358093,1.8631012009258046,3000
2,1.0,10,15,0.004043625015090116,3.0221977519909107,3000
2,1.0,10,16,0.05917880577724659,2.453595240463608,3000
2,1.0,10,17,0.025484493036265238,4.1680974138294715,3000
2,1.0,10,18,0.05204997585776206,2.1311746772250575,3000
2,1.0,10,19,0.4505762229699769,2.170945237507111,3000
2,1.0,20,0,3.0734345628328726e-08,2.5349799368088877,3000
2,1.0,20,1,0.01478086071638698,4.472986115850451,3000
2,1.0,20,2,3.365687102879197e-08,2.6098629458952476,3000
2,1.0,20,3,4.8603801267863776e-08,1.3285602195834123,3000
2,1.0,20,4,0.010417032866240232,3.213224180499036,3000
2,1.0,20,5,0.006703887858557335,1.8264529691407687,3000
2,1.0,20,6,2.8628919576574666e-06,2.956997492719966,3000
2,1.0,20,7,5.339768421738145e-08,1.128873859065269,3000
2,1.0,20,8,0.006897784213172592,4.300072695745216,3000
2,1.0,20,9,0.01252512294622648,2.751756126967385,3000
2,1.0,20,10,0.08172282912258871,2.503187916463638,3000
2,1.0,20,11,1.2128806696624962e-05,2.5387938830458854,3000
2,1.0,20,12,1.2094167498927761,4.479475742128597,3000
2,1.0,20,13,1.3917075048542764e-06,2.2949184785476113,3000
2,1.0,20,14,8.698257092452423e-06,1.8631012009258046,3000
2,1.0,20,15,4.093072787896398e-05,3.0221977519909107,3000
2,1.0,20,16,0.03150301400733746,2.453595240463608,3000
2,1.0,20,17,0.013426209428868437,4.1680974138294715,3000
2,1.0,20,18,0.023045399733051787,2.1311746772250575,3000
2,1.0,20,19,0.010433163401023758,2.170945237507111,3000
2,1.0,50,0,4.5896469109001614e-18,2.5349799368088877,3000
2,1.0,50,1,0.01379515719597941,4.472986115850451,3000
2,1.0,50,2,1.8903710816926275e-18,2.6098629458952476,3000
2,1.0,50,3,5.500058347126972e-17,1.3285602195834123,3000
2,1.0,50,4,0.001847294566339048,3.213224180499036,3000
2,1.0,50,5,0.0009667542385972668,1.8264529691407687,3000
2,1.0,50,6,7.799082155523807e-16,2.956997492719966,3000
2,1.0,50,7,2.3979258050411613e-17,1.128873859065269,3000
2,1.0,50,8,0.0013044722234177514,4.300072695745216,3000
2,1.0,50,9,0.00026396713811325563,2.751756126967385,3000
2,1.0,50,10,0.039736172143384534,2.503187916463638,3000
2,1.0,50,11,1.5700533519421033e-11,2.5387938830458854,3000
2,1.0,50,12,1.173246218954016,4.479475742128597,3000
2,1.0,50,13,1.2564387419823972e-14,2.2949184785476113,3000
2,1.0,50,14,2.7726202374749197e-12,1.8631012009258046,3000
2,1.0,50,15,4.1685226477911564e-11,3.0221977519909107,3000
2,1.0,50,16,0.005197011484336545,2.453595240463608,3000
2,1.0,50,17,0.0022022428381301713,4.1680974138294715,3000
2,1.0,50,18,0.002030250171245186,2.1311746772250575,3000
2,1.0,50,19,0.5084669551281995,2.170945237507111,3000
3,0.01,1,0,3.3541681806682897,2.135031003270194,3000
3,0.01,1,1,2.947561329327554,2.6515873422165694,3000
3,0.01,1,2,4.257902247176664,1.6461322881925466,3000
3,0.01,1,3,2.473165202968674,6.756215506872085,3000
3,0.01,1,4,1.3701638180862958,5.01255811353286,3000
3,0.01,1,5,2.823142636524325,1.8274940269208382,3000
3,0.01,1,6,1.356117831461788,4.979963716034719,3000
3,0.01,1,7,0.9454706067570962,4.39279146024332,3000
3,0.01,1,8,3.6613014083845523,1.9391592028756643,3000
3,0.01,1,9,0.5294350302910878,3.8180011464171173,3000
3,0.01,1,10,4.537080595008995,1.4038450112069754,3000
3,0.01,1,11,5.316182253923812,0.9681864928610012,3000
3,0.01,1,12,3.6900388339446697,2.2231484076538566,3000
3,0.01,1,13,4.029740863055224,1.4151004118326094,3000
3,0.01,1,14,5.733584820105857,0.8660666479624981,3000
3,0.01,1,15,4.197548042657592,1.0996836988657908,3000
3,0.01,1,16,3.3921224258950597,1.7394794088137775,3000
3,0.01,1,17,3.2624773456896032,2.912556080060572,3000
3,0.01,1,18,4.706059323931426,2.068813649250605,3000
3,0.01,1,19,0.0744934803297245,3.1972750843621007,3000
3,0.01,2,0,3.1959610318816987,2.135031003270194,3000
3,0.01,2,1,2.846227428149266,2.6515873422165694,3000
3,0.01,2,2,4.0895232207113565,1.6461322881925466,3000
3,0.01,2,3,2.456278150249647,6.756215506872085,3000
3,0.01,2,4,1.3576967066947865,5.01255811353286,3000
3,0.01,2,5,2.6645320198502365,1.8274940269208382,3000
3,0.01,2,6,1.3436746757089455,4.979963716034719,3000
3,0.01,2,7,0.9345541499133275,4.39279146024332,3000
3,0.01,2,8,3.5467650982450416,1.9391592028756643,3000
3,0.01,2,9,0.5212247711376398,3.8180011464171173,3000
3,0.01,2,10,4.347496095739409,1.4038450112069754,3000
3,0.01,2,11,5.140629419065559,0.9681864928610012,3000
3,0.01,2,12,3.5332904467838193,2.2231484076538566,3000
3,0.01,2,13,3.8606520110902123,1.4151004118326094,3000
3,0.01,2,14,5.577445353092523,0.8660666479624981,3000
3,0.01,2,15,3.9572352756157643,1.0996836988657908,3000
3,0.01,2,16,3.231268342654342,1.7394794088137775,3000
3,0.01,2,17,3.0786476434415073,2.912556080060572,3000
3,0.01,2,18,4.572535189844291,2.068813649250605,3000
3,0.01,2,19,0.07389948441283684,3.1972750843621007,3000
3,0.01,5,0,2.8417207290136193,2.135031003270194,3000
3,0.01,5,1,2.5960141423622267,2.6515873422165694,3000
3,0.01,5,2,3.588552323190003,1.6461322881925466,3000
3,0.01,5,3,2.4061222056121654,6.756215506872085,3000
3,0.01,5,4,1.3206760535631026,5.01255811353286,3000
3,0.01,5,5,2.352332457398756,1.8274940269208382,3000
3,0.01,5,6,1.3067184344746947,4.979963716034719,3000
3,0.01,5,7,0.9021486545899212,4.39279146024332,3000
3,0.01,5,8,3.238208538943603,1.9391592028756643,3000
3,0.01,5,9,0.4971062648554129,3.8180011464171173,3000
3,0.01,5,10,3.762494590950778,1.4038450112069754,3000
3,0.01,5,11,4.724752281905759,0.9681864928610012,3000
3,0.01,5,12,3.095974834354166,2.2231484076538566,3000
3,0.01,5,13,3.5040708542359367,1.4151004118326094,3000
3,0.01,5,14,5.164539300408633,0.8660666479624981,3000
3,0.01,5,15,3.4484733796486884,1.0996836988657908,3000
3,0.01,5,16,2.869761963917848,1.7394794088137775,3000
3,0.01,5,17,2.721884421015903,2.912556080060572,3000
3,0.01,5,18,4.1652547989867985,2.068813649250605,3000
3,0.01,5,19,0.07218326242859303,3.1972750843621007,3000
3,0.01,10,0,2.4457686165542785,2.135031003270194,3000
3,0.01,10,1,2.22368526954242,2.6515873422165694,3000
3,0.01,10,2,2.9971830726093143,1.6461322881925466,3000
3,0.01,10,3,2.324187947915043,6.756215506872085,3000
3,0.01,10,4,1.2602269656217433,5.01255811353286,3000
3,0.01,10,5,2.001691263485542,1.8274940269208382,3000
3,0.01,10,6,1.2463508035731283,4.979963716034719,3000
3,0.01,10,7,0.8492775802121577,4.39279146024332,3000
3,0.01,10,8,2.8321438996746466,1.9391592028756643,3000
3,0.01,10,9,0.4586593611418908,3.8180011464171173,3000
3,0.01,10,10,2.996985226183386,1.4038450112069754,3000
3,0.01,10,11,4.202408310315363,0.9681864928610012,3000
3,0.01,10,12,2.613024635700956,2.2231484076538566,3000
3,0.01,10,13,3.0709809060305786,1.4151004118326094,3000
3,0.01,10,14,4.597209165728023,0.8660666479624981,3000
3,0.01,10,15,2.8754241772070106,1.0996836988657908,3000
3,0.01,10,16,2.447619006071694,1.7394794088137775,3000
3,0.01,10,17,2.2357530416880933,2.912556080060572,3000
3,0.01,10,18,3.3180433295824603,2.068813649250605,3000
3,0.01,10,19,0.06951371544435704,3.1972750843621007,3000
3,0.01,20,0,1.9188952254967517,2.135031003270194,3000
3,0.01,20,1,1.681096096505799,2.6515873422165694,3000
3,0.01,20,2,2.2583338107799262,1.6461322881925466,3000
3,0.01,20,3,2.1663570808110975,6.756215506872085,3000
3,0.01,20,4,1.1439026910009302,5.01255811353286,3000
3,0.01,20,5,1.5668904974871758,1.8274940269208382,3000
3,0.01,20,6,1.1300830966503463,4.979963716034719,3000
3,0.01,20,7,0.7477600390331118,4.39279146024332,3000
3,0.01,20,8,2.259567950106374,1.9391592028756643,3000
3,0.01,20,9,0.3886506490970029,3.8180011464171173,3000
3,0.01,20,10,2.0001842300940567,1.4038450112069754,3000
3,0.01,20,11,3.4502462935402303,0.9681864928610012,3000
3,0.01,20,12,2.0044236024920723,2.2231484076538566,3000
3,0.01,20,13,2.4812033141644902,1.4151004118326094,3000
3,0.01,20,14,3.7533431383907416,0.8660666479624981,3000
3,0.01,20,15,2.1409945914372024,1.0996836988657908,3000
3,0.01,20,16,1.8874044680104392,1.7394794088137775,3000
3,0.01,20,17,1.5926759900263976,2.912556080060572,3000
3,0.01,20,18,2.0687349214631428,2.068813649250605,3000
3,0.01,20,19,0.06472627344322165,3.1972750843621007,3000
3,0.01,50,0,1.0757966493579503,2.135031003270194,3000
3,0.01,50,1,0.85541131889602,2.6515873422165694,3000
3,0.01,50,2,1.1941063309086337,1.6461322881925466,3000
3,0.01,50,3,1.7377079663468125,6.756215506872085,3000
3,0.01,50,4,0.8294707339230843,5.01255811353286,3000
3,0.01,50,5,0.9410895766907278,1.8274940269208382,3000
3,0.01,50,6,0.8146891635188289,4.979963716034719,3000
3,0.01,50,7,0.47738576497939117,4.39279146024332,3000
3,0.01,50,8,1.3722474375912093,1.9391592028756643,3000
3,0.01,50,9,0.2375984629616545,3.8180011464171173,3000
3,0.01,50,10,0.9768586077166501,1.4038450112069754,3000
3,0.01,50,11,2.1399742365428507,0.9681864928610012,3000
3,0.01,50,12,1.0981080749216348,2.2231484076538566,3000
3,0.01,50,13,1.5455138570193478,1.4151004118326094,3000
3,0.01,50,14,2.289248022076646,0.8660666479624981,3000
3,0.01,50,15,1.1051977863550841,1.0996836988657908,3000
3,0.01,50,16,1.0251700172962352,1.7394794088137775,3000
3,0.01,50,17,0.8785701867487216,2.912556080060572,3000
3,0.01,50,18,0.728339786241681,2.068813649250605,3000
3,0.01,50,19,0.05302512749981621,3.1972750843621007,3000
3,0.1,1,0,1.2542662156884596,2.135031003270194,3000
3,0.1,1,1,1.1581887319665263,2.6515873422165694,3000
3,0.1,1,2,1.6734848324525753,1.6461322881925466,3000
3,0.1,1,3,2.704800747080454,6.756215506872085,3000
3,0.1,1,4,1.6767503510638413,5.01255811353286,3000
3,0.1,1,5,0.9842446060584682,1.8274940269208382,3000
3,0.1,1,6,1.6620488593113676,4.979963716034719,3000
3,0.1,1,7,1.292550292751949,4.39279146024332,3000
3,0.1,1,8,1.2265657914048165,1.9391592028756643,3000
3,0.1,1,9,0.9129281949546776,3.8180011464171173,3000
3,0.1,1,10,2.1225519579847676,1.4038450112069754,3000
3,0.1,1,11,1.6876007578310632,0.9681864928610012,3000
3,0.1,1,12,1.3874461009597845,2.2231484076538566,3000
3,0.1,1,13,1.3890624897845616,1.4151004118326094,3000
3,0.1,1,14,1.8358992238009308,0.8660666479624981,3000
3,0.1,1,15,1.6890361666541183,1.0996836988657908,3000
3,0.1,1,16,1.2328512190809755,1.7394794088137775,3000
3,0.1,1,17,1.529123521597732,2.912556080060572,3000
3,0.1,1,18,2.898276087989356,2.068813649250605,3000
3,0.1,1,19,0.48972812897945905,3.1972750843621007,3000
3,0.1,2,0,1.0472488320934796,2.135031003270194,3000
3,0.1,2,1,0.9809834275760785,2.6515873422165694,3000
3,0.1,2,2,1.4915526190853632,1.6461322881925466,3000
3,0.1,2,3,2.5359059338829315,6.756215506872085,3000
3,0.1,2,4,1.5515700978013605,5.01255811353286,3000
3,0.1,2,5,0.8421487905666664,1.8274940269208382,3000
3,0.1,2,6,1.5375608880435316,4.979963716034719,3000
3,0.1,2,7,1.1828210110889066,4.39279146024332,3000
3,0.1,2,8,1.0938009483637867,1.9391592028756643,3000
3,0.1,2,9,0.8188375119329614,3.8180011464171173,3000
3,0.1,2,10,1.874702837873011,1.4038450112069754,3000
3,0.1,2,11,1.4965414278501423,0.9681864928610012,3000
3,0.1,2,12,1.1678874238636328,2.2231484076538566,3000
3,0.1,2,13,1.2108093627760366,1.4151004118326094,3000
3,0.1,2,14,1.6722633905111455,0.8660666479624981,3000
3,0.1,2,15,1.4448359970018527,1.0996836988657908,3000
3,0.1,2,16,1.0792856589092927,1.7394794088137775,3000
3,0.1,2,17,1.3822998843294791,2.912556080060572,3000
3,0.1,2,18,2.668477556809219,2.068813649250605,3000
3,0.1,2,19,0.4173408922638646,3.1972750843621007,3000
3,0.1,5,0,0.7329485261845571,2.135031003270194,3000
3,0.1,5,1,0.7336321964565669,2.6515873422165694,3000
3,0.1,5,2,1.058902958431861,1.6461322881925466,3000
3,0.1,5,3,2.07823074215819,6.756215506872085,3000
3,0.1,5,4,1.212506517294272,5.01255811353286,3000
3,0.1,5,5,0.5779544406883861,1.8274940269208382,3000
3,0.1,5,6,1.2002378787629182,4.979963716034719,3000
3,0.1,5,7,0.8857930129753562,4.39279146024332,3000
3,0.1,5,8,0.8203706392746472,1.9391592028756643,3000
3,0.1,5,9,0.5678996611376469,3.8180011464171173,3000
3,0.1,5,10,1.5318510356334887,1.4038450112069754,3000
3,0.1,5,11,1.100813823343912,0.9681864928610012,3000
3,0.1,5,12,0.8252637879976084,2.2231484076538566,3000
3,0.1,5,13,0.8752602507857267,1.4151004118326094,3000
3,0.1,5,14,1.2790227565472407,0.8660666479624981,3000
3,0.1,5,15,0.9944187034188277,1.0996836988657908,3000
3,0.1,5,16,0.7643757316869821,1.7394794088137775,3000
3,0.1,5,17,1.1456914729547334,2.912556080060572,3000
3,0.1,5,18,2.755977534714243,2.068813649250605,3000
3,0.1,5,19,0.23883749723665262,3.1972750843621007,3000
3,0.1,10,0,0.4581710700940159,2.135031003270194,3000
3,0.1,10,1,0.4735123713091614,2.6515873422165694,3000
3,0.1,10,2,0.6061486331998068,1.6461322881925466,3000
3,0.1,10,3,1.45587972428356,6.756215506872085,3000
3,0.1,10,4,0.7526673260377291,5.01255811353286,3000
3,0.1,10,5,0.3384431036456496,1.8274940269208382,3000
3,0.1,10,6,0.7419677681960754,4.979963716034719,3000
3,0.1,10,7,0.48644663063943255,4.39279146024332,3000
3,0.1,10,8,0.5264820693728345,1.9391592028756643,3000
3,0.1,10,9,0.25889786429770567,3.8180011464171173,3000
3,0.1,10,10,0.8167845372937997,1.4038450112069754,3000
3,0.1,10,11,0.708891070218494,0.9681864928610012,3000
3,0.1,10,12,0.4904243063319525,2.2231484076538566,3000
3,0.1,10,13,0.550274053716903,1.4151004118326094,3000
3,0.1,10,14,0.8357627940210419,0.8660666479624981,3000
3,0.1,10,15,0.5926033748486371,1.0996836988657908,3000
3,0.1,10,16,0.4741094718103279,1.7394794088137775,3000
3,0.1,10,17,0.6933107412212255,2.912556080060572,3000
3,0.1,10,18,1.7680837475051958,2.068813649250605,3000
3,0.1,10,19,0.07460638672305073,3.1972750843621007,3000
3,0.1,20,0,0.20549110441295793,2.135031003270194,3000
3,0.1,20,1,0.20095088380767076,2.6515873422165694,3000
3,0.1,20,2,0.2309912802828796,1.6461322881925466,3000
3,0.1,20,3,0.6022191981101546,6.756215506872085,3000
3,0.1,20,4,0.16990300593396368,5.01255811353286,3000
3,0.1,20,5,0.1434787448524225,1.8274940269208382,3000
3,0.1,20,6,0.15094883699124959,4.979963716034719,3000
3,0.1,20,7,0.06343023747448737,4.39279146024332,3000
3,0.1,20,8,0.22734672553786597,1.9391592028756643,3000
3,0.1,20,9,0.0584245849165249,3.8180011464171173,3000
3,0.1,20,10,0.2685447268336808,1.4038450112069754,3000
3,0.1,20,11,0.32462975849366343,0.9681864928610012,3000
3,0.1,20,12,0.20006279757077042,2.2231484076538566,3000
3,0.1,20,13,0.24231488692044156,1.4151004118326094,3000
3,0.1,20,14,0.3813588195150403,0.8660666479624981,3000
3,0.1,20,15,0.2375925673905652,1.0996836988657908,3000
3,0.1,20,16,0.21309360065850871,1.7394794088137775,3000
3,0.1,20,17,0.2608173394838325,2.912556080060572,3000
3,0.1,20,18,0.7975168245565764,2.068813649250605,3000
3,0.1,20,19,0.017176199089261115,3.1972750843621007,3000
3,0.1,50,0,0.02356648410727355,2.135031003270194,3000
3,0.1,50,1,0.0188709887796504,2.6515873422165694,3000
3,0.1,50,2,0.02233519345958744,1.6461322881925466,3000
3,0.1,50,3,0.011076955106142716,6.756215506872085,3000
3,0.1,50,4,0.011507964575872696,5.01255811353286,3000
3,0.1,50,5,0.01821896138433647,1.8274940269208382,3000
3,0.1,50,6,0.004289638043658141,4.979963716034719,3000
3,0.1,50,7,0.006020781484675269,4.39279146024332,3000
3,0.1,50,8,0.023006304603743644,1.9391592028756643,3000
3,0.1,50,9,0.009321062438981035,3.8180011464171173,3000
3,0.1,50,10,0.019895369535951102,1.4038450112069754,3000
3,0.1,50,11,0.04187421956360521,0.9681864928610012,3000
3,0.1,50,12,0.021661988782060538,2.2231484076538566,3000
3,0.1,50,13,0.029145944003295843,1.4151004118326094,3000
3,0.1,50,14,0.05047552418081287,0.8660666479624981,3000
3,0.1,50,15,0.022852065692787703,1.0996836988657908,3000
3,0.1,50,16,0.02657173487746592,1.7394794088137775,3000
3,0.1,50,17,0.02316469394971622,2.912556080060572,3000
3,0.1,50,18,1.0255126343382028,2.068813649250605,3000
3,0.1,50,19,0.00268178019497352,3.1972750843621007,3000
3,0.5,1,0,0.5590839862675715,2.135031003270194,3000
3,0.5,1,1,0.6975024400353548,2.6515873422165694,3000
3,0.5,1,2,0.836431904621463,1.6461322881925466,3000
3,0.5,1,3,2.8610343762083676,6.756215506872085,3000
3,0.5,1,4,1.8854754148721309,5.01255811353286,3000
3,0.5,1,5,0.22784071251937923,1.8274940269208382,3000
3,0.5,1,6,1.8689836770430255,4.979963716034719,3000
3,0.5,1,7,1.5276347451095862,4.39279146024332,3000
3,0.5,1,8,0.4055530228972174,1.9391592028756643,3000
3,0.5,1,9,1.1850707076797233,3.8180011464171173,3000
3,0.5,1,10,1.0644823507421775,1.4038450112069754,3000
3,0.5,1,11,0.42420888639252863,0.9681864928610012,3000
3,0.5,1,12,0.9910697711256543,2.2231484076538566,3000
3,0.5,1,13,0.33514146312871984,1.4151004118326094,3000
3,0.5,1,14,0.43504798529076577,0.8660666479624981,3000
3,0.5,1,15,0.48083413903092787,1.0996836988657908,3000
3,0.5,1,16,0.3387690972592174,1.7394794088137775,3000
3,0.5,1,17,0.7244273432349855,2.912556080060572,3000
3,0.5,1,18,1.288371993254189,2.068813649250605,3000
3,0.5,1,19,0.8061818690550911,3.1972750843621007,3000
3,0.5,2,0,0.281803171522473,2.135031003270194,3000
3,0.5,2,1,0.22203304814156322,2.6515873422165694,3000
3,0.5,2,2,0.37478208312535205,1.6461322881925466,3000
3,0.5,2,3,2.016530196186228,6.756215506872085,3000
3,0.5,2,4,1.2591219655072021,5.01255811353286,3000
3,0.5,2,5,0.14576877606550043,1.8274940269208382,3000
3,0.5,2,6,1.2465041147175442,4.979963716034719,3000
3,0.5,2,7,0.9786590012768235,4.39279146024332,3000
3,0.5,2,8,0.19568263809710407,1.9391592028756643,3000
3,0.5,2,9,0.7092082477423562,3.8180011464171173,3000
3,0.5,2,10,0.5060335242427239,1.4038450112069754,3000
3,0.5,2,11,0.2801526636729831,0.9681864928610012,3000
3,0.5,2,12,0.32522785703925083,2.2231484076538566,3000
3,0.5,2,13,0.22159830083788543,1.4151004118326094,3000
3,0.5,2,14,0.3058999989836404,0.8660666479624981,3000
3,0.5,2,15,0.29535688614687067,1.0996836988657908,3000
3,0.5,2,16,0.20796552656742942,1.7394794088137775,3000
3,0.5,2,17,1.247668176701851,2.912556080060572,3000
3,0.5,2,18,1.0286811897119617,2.068813649250605,3000
3,0.5,2,19,0.4140455628068034,3.1972750843621007,3000
3,0.5,5,0,0.189802603718518,2.135031003270194,3000
3,0.5,5,1,0.06464722721065587,2.6515873422165694,3000
3,0.5,5,2,0.7692011036535197,1.6461322881925466,3000
3,0.5,5,3,0.5520654111747538,6.756215506872085,3000
3,0.5,5,4,0.1872781248885327,5.01255811353286,3000
3,0.5,5,5,0.04623451298224059,1.8274940269208382,3000
3,0.5,5,6,0.17768939441875176,4.979963716034719,3000
3,0.5,5,7,0.07302963272519973,4.39279146024332,3000
3,0.5,5,8,0.07092459974351809,1.9391592028756643,3000
3,0.5,5,9,0.034393454596594875,3.8180011464171173,3000
3,0.5,5,10,1.153521507179339,1.4038450112069754,3000
3,0.5,5,11,0.0902991159919654,0.9681864928610012,3000
3,0.5,5,12,0.7257010944162839,2.2231484076538566,3000
3,0.5,5,13,0.07442424223597088,1.4151004118326094,3000
3,0.5,5,14,0.10848221744332212,0.8660666479624981,3000
3,0.5,5,15,0.08820342110976377,1.0996836988657908,3000
3,0.5,5,16,0.06411106235097475,1.7394794088137775,3000
3,0.5,5,17,0.11927894593202629,2.912556080060572,3000
3,0.5,5,18,2.043221486846503,2.068813649250605,3000
3,0.5,5,19,0.010052035771363734,3.1972750843621007,3000
3,0.5,10,0,0.08589699079191662,2.135031003270194,3000
3,0.5,10,1,0.011943064831225406,2.6515873422165694,3000
3,0.5,10,2,0.019639561591018005,1.6461322881925466,3000
3,0.5,10,3,0.008099578563949278,6.756215506872085,3000
3,0.5,10,4,0.008873954537221776,5.01255811353286,3000
3,0.5,10,5,0.007819905048865558,1.8274940269208382,3000
3,0.5,10,6,0.002799252695008949,4.979963716034719,3000
3,0.5,10,7,0.004340054017397475,4.39279146024332,3000
3,0.5,10,8,0.0135992028252531,1.9391592028756643,3000
3,0.5,10,9,0.006373280140794683,3.8180011464171173,3000
3,0.5,10,10,0.03126175980226415,1.4038450112069754,3000
3,0.5,10,11,0.01606458306123519,0.9681864928610012,3000
3,0.5,10,12,0.031876214818785414,2.2231484076538566,3000
3,0.5,10,13,0.013682151397334304,1.4151004118326094,3000
3,0.5,10,14,0.01990092230582245,0.8660666479624981,3000
3,0.5,10,15,0.015197567495838352,1.0996836988657908,3000
3,0.5,10,16,0.011324789324773371,1.7394794088137775,3000
3,0.5,10,17,0.8060895295160014,2.912556080060572,3000
3,0.5,10,18,1.4385677819517235,2.068813649250605,3000
3,0.5,10,19,0.0019002153020621568,3.1972750843621007,3000
3,0.5,20,0,0.048562468147937424,2.135031003270194,3000
3,0.5,20,1,0.00046933983386303194,2.6515873422165694,3000
3,0.5,20,2,0.000690872485378455,1.6461322881925466,3000
3,0.5,20,3,0.0004029387312030734,6.756215506872085,3000
3,0.5,20,4,0.00030370084124470715,5.01255811353286,3000
3,0.5,20,5,0.0002698088582663895,1.8274940269208382,3000
3,0.5,20,6,0.00013768804612597927,4.979963716034719,3000
3,0.5,20,7,0.00017741724642834995,4.39279146024332,3000
3,0.5,20,8,0.0005184818616587628,1.9391592028756643,3000
3,0.5,20,9,0.00026585412357015356,3.8180011464171173,3000
3,0.5,20,10,0.003271837920877635,1.4038450112069754,3000
3,0.5,20,11,0.0006290760679046205,0.9681864928610012,3000
3,0.5,20,12,0.0034139375722359944,2.2231484076538566,3000
3,0.5,20,13,0.0005226305719243548,1.4151004118326094,3000
3,0.5,20,14,0.0007617434762143077,0.8660666479624981,3000
3,0.5,20,15,0.0005323759938154471,1.0996836988657908,3000
3,0.5,20,16,0.000456586589122216,1.7394794088137775,3000
3,0.5,20,17,1.1125503855801775,2.912556080060572,3000
3,0.5,20,18,0.004141869039587363,2.068813649250605,3000
3,0.5,20,19,7.06081323300897e-05,3.1972750843621007,3000
3,0.5,50,0,0.015254439259302073,2.135031003270194,3000
3,0.5,50,1,4.4886533835902183e-08,2.6515873422165694,3000
3,0.5,50,2,6.079358009657688e-08,1.6461322881925466,3000
3,0.5,50,3,5.001378094093388e-08,6.756215506872085,3000
3,0.5,50,4,2.6331069774354276e-08,5.01255811353286,3000
3,0.5,50,5,2.3406238099298034e-08,1.8274940269208382,3000
3,0.5,50,6,1.6783278947314404e-08,4.979963716034719,3000
3,0.5,50,7,1.480096063231058e-08,4.39279146024332,3000
3,0.5,50,8,3.947529802358151e-08,1.9391592028756643,3000
3,0.5,50,9,2.3321831709836755e-08,3.8180011464171173,3000
3,0.5,50,10,0.00028137931747144925,1.4038450112069754,3000
3,0.5,50,11,6.705747726700898e-08,0.9681864928610012,3000
3,0.5,50,12,5.8348421911014295e-06,2.2231484076538566,3000
3,0.5,50,13,4.770315977641282e-08,1.4151004118326094,3000
3,0.5,50,14,8.201493293004856e-08,0.8660666479624981,3000
3,0.5,50,15,4.101845039878132e-08,1.0996836988657908,3000
3,0.5,50,16,4.515568127223729e-08,1.7394794088137775,3000
3,0.5,50,17,0.8889120485672097,2.912556080060572,3000
3,0.5,50,18,1.4138099299405895,2.068813649250605,3000
3,0.5,50,19,5.2874237601705205e-09,3.1972750843621007,3000
3,1.0,1,0,0.8294317073476437,2.135031003270194,3000
3,1.0,1,1,0.8831151703457516,2.6515873422165694,3000
3,1.0,1,2,0.9207805878685145,1.6461322881925466,3000
3,1.0,1,3,3.0131158408037053,6.756215506872085,3000
3,1.0,1,4,2.047485059303441,5.01255811353286,3000
3,1.0,1,5,0.2537627086877938,1.8274940269208382,3000
3,1.0,1,6,2.037257555842983,4.979963716034719,3000
3,1.0,1,7,1.627349770087741,4.39279146024332,3000
3,1.0,1,8,0.4130590400709004,1.9391592028756643,3000
3,1.0,1,9,1.3008406294328692,3.8180011464171173,3000
3,1.0,1,10,1.1180280589206177,1.4038450112069754,3000
3,1.0,1,11,0.16664021292283415,0.9681864928610012,3000
3,1.0,1,12,1.1115790283180969,2.2231484076538566,3000
3,1.0,1,13,0.16275270259736468,1.4151004118326094,3000
3,1.0,1,14,0.17425497155769398,0.8660666479624981,3000
3,1.0,1,15,0.18200126721120008,1.0996836988657908,3000
3,1.0,1,16,0.28694217355958823,1.7394794088137775,3000
3,1.0,1,17,1.1457346055865723,2.912556080060572,3000
3,1.0,1,18,1.4588576453659772,2.068813649250605,3000
3,1.0,1,19,0.9417477997831297,3.1972750843621007,3000
3,1.0,2,0,0.12728754500734296,2.135031003270194,3000
3,1.0,2,1,0.07502901228767381,2.6515873422165694,3000
3,1.0,2,2,0.1625069889162653,1.6461322881925466,3000
3,1.0,2,3,1.32408149996164,6.756215506872085,3000
3,1.0,2,4,0.7945846742492887,5.01255811353286,3000
3,1.0,2,5,0.045411242972578106,1.8274940269208382,3000
3,1.0,2,6,0.7922823460914542,4.979963716034719,3000
3,1.0,2,7,0.5293428956504355,4.39279146024332,3000
3,1.0,2,8,0.17245051937904174,1.9391592028756643,3000
3,1.0,2,9,0.3480375465671689,3.8180011464171173,3000
3,1.0,2,10,0.37901950021348263,1.4038450112069754,3000
3,1.0,2,11,0.06462547738107038,0.9681864928610012,3000
3,1.0,2,12,0.1789831410983004,2.2231484076538566,3000
3,1.0,2,13,0.05641778956371549,1.4151004118326094,3000
3,1.0,2,14,0.07832327767433594,0.8660666479624981,3000
3,1.0,2,15,0.06759428680369559,1.0996836988657908,3000
3,1.0,2,16,0.058706477274193626,1.7394794088137775,3000
3,1.0,2,17,0.4955366456183485,2.912556080060572,3000
3,1.0,2,18,0.7317419750863158,2.068813649250605,3000
3,1.0,2,19,0.1501577469082791,3.1972750843621007,3000
3,1.0,5,0,0.7316904320188644,2.135031003270194,3000
3,1.0,5,1,0.2655438070557131,2.6515873422165694,3000
3,1.0,5,2,1.1295487140405407,1.6461322881925466,3000
3,1.0,5,3,0.11953337052820649,6.756215506872085,3000
3,1.0,5,4,0.17215138436840874,5.01255811353286,3000
3,1.0,5,5,0.0028713683302195032,1.8274940269208382,3000
3,1.0,5,6,0.18173472925304418,4.979963716034719,3000
3,1.0,5,7,0.005639940284753859,4.39279146024332,3000
3,1.0,5,8,0.08393273364190255,1.9391592028756643,3000
3,1.0,5,9,0.044848307098615654,3.8180011464171173,3000
3,1.0,5,10,1.4238077141418257,1.4038450112069754,3000
3,1.0,5,11,0.005643319140068619,0.9681864928610012,3000
3,1.0,5,12,1.137637330200776,2.2231484076538566,3000
3,1.0,5,13,0.004697847247392798,1.4151004118326094,3000
3,1.0,5,14,0.007555681809570975,0.8660666479624981,3000
3,1.0,5,15,0.006354009324735116,1.0996836988657908,3000
3,1.0,5,16,0.00403323149253443,1.7394794088137775,3000
3,1.0,5,17,0.5337737599606348,2.912556080060572,3000
3,1.0,5,18,2.0926069037794846,2.068813649250605,3000
3,1.0,5,19,0.030851374912224824,3.1972750843621007,3000
3,1.0,10,0,0.00030698236802026386,2.135031003270194,3000
3,1.0,10,1,0.008822911667934977,2.6515873422165694,3000
3,1.0,10,2,0.0029361266527207744,1.6461322881925466,3000
3,1.0,10,3,0.0021299368942074974,6.756215506872085,3000
3,1.0,10,4,0.001553999592271025,5.01255811353286,3000
3,1.0,10,5,5.4391859998671765e-05,1.8274940269208382,3000
3,1.0,10,6,0.0027045201876785135,4.979963716034719,3000
3,1.0,10,7,0.004364801382348765,4.39279146024332,3000
3,1.0,10,8,0.02239017501811085,1.9391592028756643,3000
3,1.0,10,9,0.01781032711875463,3.8180011464171173,3000
3,1.0,10,10,0.011517845662094572,1.4038450112069754,3000
3,1.0,10,11,0.00018617482334916998,0.9681864928610012,3000
3,1.0,10,12,0.0719290288242073,2.2231484076538566,3000
3,1.0,10,13,0.0001033573680896595,1.4151004118326094,3000
3,1.0,10,14,0.0001636933139979809,0.8660666479624981,3000
3,1.0,10,15,0.0001867236583342765,1.0996836988657908,3000
3,1.0,10,16,8.641126532333757e-05,1.7394794088137775,3000
3,1.0,10,17,0.3527366662799854,2.912556080060572,3000
3,1.0,10,18,1.1715454776733956,2.068813649250605,3000
3,1.0,10,19,0.004633160444803467,3.1972750843621007,3000
3,1.0,20,0,1.371725629553418e-07,2.135031003270194,3000
3,1.0,20,1,0.0022522978237894905,2.6515873422165694,3000
3,1.0,20,2,0.00016989245091212943,1.6461322881925466,3000
3,1.0,20,3,7.682767837403037e-06,6.756215506872085,3000
3,1.0,20,4,0.00020111767720242923,5.01255811353286,3000
3,1.0,20,5,2.7807681551605088e-08,1.8274940269208382,3000
3,1.0,20,6,0.0001716387914703741,4.979963716034719,3000
3,1.0,20,7,0.003616396598149362,4.39279146024332,3000
3,1.0,20,8,0.001995840188571655,1.9391592028756643,3000
3,1.0,20,9,0.002406857944436535,3.8180011464171173,3000
3,1.0,20,10,0.0013368872549955947,1.4038450112069754,3000
3,1.0,20,11,9.91375260397852e-07,0.9681864928610012,3000
3,1.0,20,12,0.0349763680479416,2.2231484076538566,3000
3,1.0,20,13,6.377383711711071e-08,1.4151004118326094,3000
3,1.0,20,14,9.7942347823673e-08,0.8660666479624981,3000
3,1.0,20,15,2.7142006011113664e-07,1.0996836988657908,3000
3,1.0,20,16,5.76336551195376e-08,1.7394794088137775,3000
3,1.0,20,17,0.03176714387511683,2.912556080060572,3000
3,1.0,20,18,2.701440266107939e-06,2.068813649250605,3000
3,1.0,20,19,9.496816586609864e-05,3.1972750843621007,3000
3,1.0,50,0,9.745041693816962e-17,2.135031003270194,3000
3,1.0,50,1,2.8747296906282584e-05,2.6515873422165694,3000
3,1.0,50,2,3.3276448074004445e-08,1.6461322881925466,3000
3,1.0,50,3,5.994001522684624e-13,6.756215506872085,3000
3,1.0,50,4,3.8246602760174856e-07,5.01255811353286,3000
3,1.0,50,5,3.314184547378654e-17,1.8274940269208382,3000
3,1.0,50,6,3.4734280019985235e-08,4.979963716034719,3000
3,1.0,50,7,0.002064356614923508,4.39279146024332,3000
3,1.0,50,8,1.372366980323438e-06,1.9391592028756643,3000
3,1.0,50,9,6.516320774449672e-06,3.8180011464171173,3000
3,1.0,50,10,2.4548831755919567e-06,1.4038450112069754,3000
3,1.0,50,11,3.2206228321590605e-13,0.9681864928610012,3000
3,1.0,50,12,0.004679277124946922,2.2231484076538566,3000
3,1.0,50,13,4.3541213683201173e-17,1.4151004118326094,3000
3,1.0,50,14,5.928593550334434e-17,0.8660666479624981,3000
3,1.0,50,15,1.5042894859911238e-15,1.0996836988657908,3000
3,1.0,50,16,7.723416739312172e-17,1.7394794088137775,3000
3,1.0,50,17,0.3908150622788443,2.912556080060572,3000
3,1.0,50,18,1.1751767113371723,2.068813649250605,3000
3,1.0,50,19,8.354695427223266e-10,3.1972750843621007,3000
4,0.01,1,0,2.9320476978555963,2.0719604785050683,3000
4,0.01,1,1,5.184922171583896,1.2609502502586727,3000
4,0.01,1,2,0.37428820875241103,3.1014200998368193,3000
4,0.01,1,3,2.433137899775619,2.6032236786440324,3000
4,0.01,1,4,2.4031055767539002,2.344559489252616,3000
4,0.01,1,5,4.407906524344262,2.379984620506214,3000
4,0.01,1,6,5.3616356474107025,3.2480075794687164,3000
4,0.01,1,7,3.7725711608436305,1.6809793733031693,3000
4,0.01,1,8,2.5025250812753232,2.336129536444444,3000
4,0.01,1,9,3.9127507812871594,2.218886554896638,3000
4,0.01,1,10,5.296066485655456,3.1962608258609984,3000
4,0.01,1,11,2.5058736363820087,3.424102617273701,3000
4,0.01,1,12,3.8066538499086917,1.8754138011664172,3000
4,0.01,1,13,5.4574887802368774,1.298105815280914,3000
4,0.01,1,14,3.3062200450586183,8.154642575393224,3000
4,0.01,1,15,0.2704041404632694,2.9640082798909213,3000
4,0.01,1,16,0.8727163577199378,4.297725661292274,3000
4,0.01,1,17,3.398715941506826,4.541092332359039,3000
4,0.01,1,18,0.17102631736074475,3.358745099633535,3000
4,0.01,1,19,5.166321691803453,1.8967913011057629,3000
4,0.01,2,0,2.8301767898782613,2.0719604785050683,3000
4,0.01,2,1,5.046461004014975,1.2609502502586727,3000
4,0.01,2,2,0.36696798704277794,3.1014200998368193,3000
4,0.01,2,3,2.326260384547666,2.6032236786440324,3000
4,0.01,2,4,2.216131012832661,2.344559489252616,3000
4,0.01,2,5,4.252928841780059,2.379984620506214,3000
4,0.01,2,6,5.410214125657401,3.2480075794687164,3000
4,0.01,2,7,3.652035992185023,1.6809793733031693,3000
4,0.01,2,8,2.3977729183555785,2.336129536444444,3000
4,0.01,2,9,3.742724825469117,2.218886554896638,3000
4,0.01,2,10,5.132613367164241,3.1962608258609984,3000
4,0.01,2,11,2.3210695869414866,3.424102617273701,3000
4,0.01,2,12,3.642076368537403,1.8754138011664172,3000
4,0.01,2,13,5.283393614915731,1.298105815280914,3000
4,0.01,2,14,3.2858335320758507,8.154642575393224,3000
4,0.01,2,15,0.25935664974113487,2.9640082798909213,3000
4,0.01,2,16,0.8621412752312634,4.297725661292274,3000
4,0.01,2,17,3.061316376459782,4.541092332359039,3000
4,0.01,2,18,0.16696739854468653,3.358745099633535,3000
4,0.01,2,19,5.070396468311231,1.8967913011057629,3000
4,0.01,5,0,2.5635972989980873,2.0719604785050683,3000
4,0.01,5,1,4.690027861191041,1.2609502502586727,3000
4,0.01,5,2,0.34732659619781836,3.1014200998368193,3000
4,0.01,5,3,2.060554314889106,2.6032236786440324,3000
4,0.01,5,4,1.8337131799099533,2.344559489252616,3000
4,0.01,5,5,3.8918962984110124,2.379984620506214,3000
4,0.01,5,6,4.723103908550536,3.2480075794687164,3000
4,0.01,5,7,3.398067062879534,1.6809793733031693,3000
4,0.01,5,8,2.1171933367261064,2.336129536444444,3000
4,0.01,5,9,3.24711435493228,2.218886554896638,3000
4,0.01,5,10,4.798037515101012,3.1962608258609984,3000
4,0.01,5,11,2.0086074166958894,3.424102617273701,3000
4,0.01,5,12,3.2195299285836345,1.8754138011664172,3000
4,0.01,5,13,4.819035154865762,1.298105815280914,3000
4,0.01,5,14,3.225283559379579,8.154642575393224,3000
4,0.01,5,15,0.23122218214099247,2.9640082798909213,3000
4,0.01,5,16,0.8307714429579863,4.297725661292274,3000
4,0.01,5,17,2.905000583400658,4.541092332359039,3000
4,0.01,5,18,0.1554048983148681,3.358745099633535,3000
4,0.01,5,19,4.783242526284198,1.8967913011057629,3000
4,0.01,10,0,2.2026270897425038,2.0719604785050683,3000
4,0.01,10,1,4.198737924419515,1.2609502502586727,3000
4,0.01,10,2,0.32043238917387623,3.1014200998368193,3000
4,0.01,10,3,1.709302585442189,2.6032236786440324,3000
4,0.01,10,4,1.4570173115403608,2.344559489252616,3000
4,0.01,10,5,3.3369102542841116,2.379984620506214,3000
4,0.01,10,6,3.9212088657729454,3.2480075794687164,3000
4,0.01,10,7,3.0652179257432945,1.6809793733031693,3000
4,0.01,10,8,1.7536678450134413,2.336129536444444,3000
4,0.01,10,9,2.665854437458558,2.218886554896638,3000
4,0.01,10,10,3.74755183945771,3.1962608258609984,3000
4,0.01,10,11,1.680608038665237,3.424102617273701,3000
4,0.01,10,12,2.7644286418561625,1.8754138011664172,3000
4,0.01,10,13,4.282330497063973,1.298105815280914,3000
4,0.01,10,14,3.126368550414437,8.154642575393224,3000
4,0.01,10,15,0.1964172163392202,2.9640082798909213,3000
4,0.01,10,16,0.7796724105502828,4.297725661292274,3000
4,0.01,10,17,2.079522283581088,4.541092332359039,3000
4,0.01,10,18,0.1381194130177596,3.358745099633535,3000
4,0.01,10,19,4.38573364843756,1.8967913011057629,3000
4,0.01,20,0,1.688787034930348,2.0719604785050683,3000
4,0.01,20,1,3.4182746918968863,1.2609502502586727,3000
4,0.01,20,2,0.28010761358871755,3.1014200998368193,3000
4,0.01,20,3,1.2578008114366077,2.6032236786440324,3000
4,0.01,20,4,1.0502643027037535,2.344559489252616,3000
4,0.01,20,5,2.537990479856491,2.379984620506214,3000
4,0.01,20,6,2.531631991904607,3.2480075794687164,3000
4,0.01,20,7,2.5446820169456705,1.6809793733031693,3000
4,0.01,20,8,1.2799892560572947,2.336129536444444,3000
4,0.01,20,9,2.0320451095054697,2.218886554896638,3000
4,0.01,20,10,2.535743203854144,3.1962608258609984,3000
4,0.01,20,11,1.285763848414301,3.424102617273701,3000
4,0.01,20,12,2.196969228366109,1.8754138011664172,3000
4,0.01,20,13,3.5690396053830646,1.298105815280914,3000
4,0.01,20,14,2.935822836962495,8.154642575393224,3000
4,0.01,20,15,0.15310810015627505,2.9640082798909213,3000
4,0.01,20,16,0.6819358154415519,4.297725661292274,3000
4,0.01,20,17,1.4127592736155954,4.541092332359039,3000
4,0.01,20,18,0.11040018348121461,3.358745099633535,3000
4,0.01,20,19,3.725562702556696,1.8967913011057629,3000
4,0.01,50,0,0.9077302967305604,2.0719604785050683,3000
4,0.01,50,1,1.973141012677908,1.2609502502586727,3000
4,0.01,50,2,0.20404834992360857,3.1014200998368193,3000
4,0.01,50,3,0.6488536279163012,2.6032236786440324,3000
4,0.01,50,4,0.5546245865826628,2.344559489252616,3000
4,0.01,50,5,1.3961605065529257,2.379984620506214,3000
4,0.01,50,6,1.3509387933666053,3.2480075794687164,3000
4,0.01,50,7,1.560463154510734,1.6809793733031693,3000
4,0.01,50,8,0.6261424253620878,2.336129536444444,3000
4,0.01,50,9,1.1503168606795044,2.218886554896638,3000
4,0.01,50,10,1.5509019248228453,3.1962608258609984,3000
4,0.01,50,11,0.7265735088991248,3.424102617273701,3000
4,0.01,50,12,1.3355134516372902,1.8754138011664172,3000
4,0.01,50,13,2.2762467968660203,1.298105815280914,3000
4,0.01,50,14,2.418281531769349,8.154642575393224,3000
4,0.01,50,15,0.09982677304998133,2.9640082798909213,3000
4,0.01,50,16,0.4265450012460227,4.297725661292274,3000
4,0.01,50,17,0.67772834531696,4.541092332359039,3000
4,0.01,50,18,0.06656433196996114,3.358745099633535,3000
4,0.01,50,19,2.4146064425823757,1.8967913011057629,3000
4,0.1,1,0,1.0330622794224842,2.0719604785050683,3000
4,0.1,1,1,1.6030353561888913,1.2609502502586727,3000
4,0.1,1,2,0.44275086980764883,3.1014200998368193,3000
4,0.1,1,3,1.0264377928968533,2.6032236786440324,3000
4,0.1,1,4,1.065637795791252,2.344559489252616,3000
4,0.1,1,5,1.868124962548929,2.379984620506214,3000
4,0.1,1,6,3.3059802938873943,3.2480075794687164,3000
4,0.1,1,7,1.1344379945755125,1.6809793733031693,3000
4,0.1,1,8,0.9233061217080559,2.336129536444444,3000
4,0.1,1,9,1.5687674861749437,2.218886554896638,3000
4,0.1,1,10,4.22471650820213,3.1962608258609984,3000
4,0.1,1,11,1.354619313596167,3.424102617273701,3000
4,0.1,1,12,1.3381806208775215,1.8754138011664172,3000
4,0.1,1,13,1.700935589462516,1.298105815280914,3000
4,0.1,1,14,3.494283104221229,8.154642575393224,3000
4,0.1,1,15,0.3196566710041858,2.9640082798909213,3000
4,0.1,1,16,1.2283562789995048,4.297725661292274,3000
4,0.1,1,17,2.3418968428333624,4.541092332359039,3000
4,0.1,1,18,0.6032997550136368,3.358745099633535,3000
4,0.1,1,19,1.4679839540987014,1.8967913011057629,3000
4,0.1,2,0,0.9330180797221231,2.0719604785050683,3000
4,0.1,2,1,1.455478660667827,1.2609502502586727,3000
4,0.1,2,2,0.3845140520180413,3.1014200998368193,3000
4,0.1,2,3,0.8657415590062095,2.6032236786440324,3000
4,0.1,2,4,0.8190665273448601,2.344559489252616,3000
4,0.1,2,5,1.5498870677788996,2.379984620506214,3000
4,0.1,2,6,3.655716496219475,3.2480075794687164,3000
4,0.1,2,7,1.0116740916290556,1.6809793733031693,3000
4,0.1,2,8,0.8013897343350316,2.336129536444444,3000
4,0.1,2,9,1.3385428239832686,2.218886554896638,3000
4,0.1,2,10,3.9830572626779452,3.1962608258609984,3000
4,0.1,2,11,1.0149320129049992,3.424102617273701,3000
4,0.1,2,12,1.124191244955237,1.8754138011664172,3000
4,0.1,2,13,1.5088064238725187,1.298105815280914,3000
4,0.1,2,14,3.290417333029096,8.154642575393224,3000
4,0.1,2,15,0.2666292008447104,2.9640082798909213,3000
4,0.1,2,16,1.1211347150187183,4.297725661292274,3000
4,0.1,2,17,2.034261624826082,4.541092332359039,3000
4,0.1,2,18,0.5235193504649893,3.358745099633535,3000
4,0.1,2,19,1.2875928154211882,1.8967913011057629,3000
4,0.1,5,0,0.6985127768260874,2.0719604785050683,3000
4,0.1,5,1,1.1310740257293102,1.2609502502586727,3000
4,0.1,5,2,0.25045563207333876,3.1014200998368193,3000
4,0.1,5,3,0.602687642024789,2.6032236786440324,3000
4,0.1,5,4,0.5069878555868278,2.344559489252616,3000
4,0.1,5,5,1.406691557225817,2.379984620506214,3000
4,0.1,5,6,2.66923047155359,3.2480075794687164,3000
4,0.1,5,7,0.7782873723191092,1.6809793733031693,3000
4,0.1,5,8,0.5662371706305385,2.336129536444444,3000
4,0.1,5,9,0.9006540258588023,2.218886554896638,3000
4,0.1,5,10,4.220347453872936,3.1962608258609984,3000
4,0.1,5,11,0.6053587921575477,3.424102617273701,3000
4,0.1,5,12,0.7467499985277026,1.8754138011664172,3000
4,0.1,5,13,1.0994509531790777,1.298105815280914,3000
4,0.1,5,14,2.7379667957913263,8.154642575393224,3000
4,0.1,5,15,0.15016501014948533,2.9640082798909213,3000
4,0.1,5,16,0.8312321847907629,4.297725661292274,3000
4,0.1,5,17,2.0206665095734326,4.541092332359039,3000
4,0.1,5,18,0.3192284038656516,3.358745099633535,3000
4,0.1,5,19,1.0480953379576199,1.8967913011057629,3000
4,0.1,10,0,0.4445076808251895,2.0719604785050683,3000
4,0.1,10,1,0.7739569667208652,1.2609502502586727,3000
4,0.1,10,2,0.13630233442473524,3.1014200998368193,3000
4,0.1,10,3,0.3599012383521535,2.6032236786440324,3000
4,0.1,10,4,0.270470554564576,2.344559489252616,3000
4,0.1,10,5,0.7826376055867615,2.379984620506214,3000
4,0.1,10,6,2.0430101196956296,3.2480075794687164,3000
4,0.1,10,7,0.5341040686382816,1.6809793733031693,3000
4,0.1,10,8,0.33983112836102586,2.336129536444444,3000
4,0.1,10,9,0.5164829211970411,2.218886554896638,3000
4,0.1,10,10,2.5245790498679797,3.1962608258609984,3000
4,0.1,10,11,0.3309897209040338,3.424102617273701,3000
4,0.1,10,12,0.43334923812548914,1.8754138011664172,3000
4,0.1,10,13,0.6751941640500793,1.298105815280914,3000
4,0.1,10,14,1.9866947423327495,8.154642575393224,3000
4,0.1,10,15,0.06676692327817103,2.9640082798909213,3000
4,0.1,10,16,0.4445974115188448,4.297725661292274,3000
4,0.1,10,17,1.3694711077439894,4.541092332359039,3000
4,0.1,10,18,0.10776062105417812,3.358745099633535,3000
4,0.1,10,19,0.7118397927214276,1.8967913011057629,3000
4,0.1,20,0,0.19074562539145176,2.0719604785050683,3000
4,0.1,20,1,0.37492010409720866,1.2609502502586727,3000
4,0.1,20,2,0.05886156637436449,3.1014200998368193,3000
4,0.1,20,3,0.141962594923006,2.6032236786440324,3000
4,0.1,20,4,0.10569128702956553,2.344559489252616,3000
4,0.1,20,5,0.3436296161178599,2.379984620506214,3000
4,0.1,20,6,0.9975003196421081,3.2480075794687164,3000
4,0.1,20,7,0.2681483312267501,1.6809793733031693,3000
4,0.1,20,8,0.1384117762246341,2.336129536444444,3000
4,0.1,20,9,0.22095707749976765,2.218886554896638,3000
4,0.1,20,10,1.4508557850183321,3.1962608258609984,3000
4,0.1,20,11,0.12523003881359204,3.424102617273701,3000
4,0.1,20,12,0.1809309207270133,1.8754138011664172,3000
4,0.1,20,13,0.31301021467800544,1.298105815280914,3000
4,0.1,20,14,0.9555669726920359,8.154642575393224,3000
4,0.1,20,15,0.0288611493701862,2.9640082798909213,3000
4,0.1,20,16,0.06633581151227173,4.297725661292274,3000
4,0.1,20,17,0.6308229296257921,4.541092332359039,3000
4,0.1,20,18,0.018812950282181416,3.358745099633535,3000
4,0.1,20,19,0.3568577206943608,1.8967913011057629,3000
4,0.1,50,0,0.019696590631323643,2.0719604785050683,3000
4,0.1,50,1,0.04507061072623924,1.2609502502586727,3000
4,0.1,50,2,0.005999454220126023,3.1014200998368193,3000
4,0.1,50,3,0.014126834021251387,2.6032236786440324,3000
4,0.1,50,4,0.013721659269586753,2.344559489252616,3000
4,0.1,50,5,0.03543813834489871,2.379984620506214,3000
4,0.1,50,6,0.8168114842811076,3.2480075794687164,3000
4,0.1,50,7,0.03850348556308352,1.6809793733031693,3000
4,0.1,50,8,0.015655160582750287,2.336129536444444,3000
4,0.1,50,9,0.02648266691934744,2.218886554896638,3000
4,0.1,50,10,0.2740766664852374,3.1962608258609984,3000
4,0.1,50,11,0.015065404618326825,3.424102617273701,3000
4,0.1,50,12,0.02332524987630066,1.8754138011664172,3000
4,0.1,50,13,0.046068841451588245,1.298105815280914,3000
4,0.1,50,14,0.003153603537305249,8.154642575393224,3000
4,0.1,50,15,0.0039351512833917576,2.9640082798909213,3000
4,0.1,50,16,0.008524183366542822,4.297725661292274,3000
4,0.1,50,17,0.24024666608226086,4.541092332359039,3000
4,0.1,50,18,0.002977907763410026,3.358745099633535,3000
4,0.1,50,19,0.0502871786115953,1.8967913011057629,3000
4,0.5,1,0,0.34038761086605934,2.0719604785050683,3000
4,0.5,1,1,0.3748535923670211,1.2609502502586727,3000
4,0.5,1,2,0.7495681693929455,3.1014200998368193,3000
4,0.5,1,3,0.6343054773513003,2.6032236786440324,3000
4,0.5,1,4,0.5926670367702032,2.344559489252616,3000
4,0.5,1,5,1.001164671112087,2.379984620506214,3000
4,0.5,1,6,1.7662545446254017,3.2480075794687164,3000
4,0.5,1,7,0.2338670228346755,1.6809793733031693,3000
4,0.5,1,8,0.4537193620076324,2.336129536444444,3000
4,0.5,1,9,1.051469621773841,2.218886554896638,3000
4,0.5,1,10,2.0428206159188838,3.1962608258609984,3000
4,0.5,1,11,0.9511813968760646,3.424102617273701,3000
4,0.5,1,12,0.5285199471801714,1.8754138011664172,3000
4,0.5,1,13,0.9598417771464375,1.298105815280914,3000
4,0.5,1,14,3.6218585426061907,8.154642575393224,3000
4,0.5,1,15,0.6589614253785951,2.9640082798909213,3000
4,0.5,1,16,1.4706126571730866,4.297725661292274,3000
4,0.5,1,17,1.8524672988187292,4.541092332359039,3000
4,0.5,1,18,0.9063436954894524,3.358745099633535,3000
4,0.5,1,19,0.8170219386199287,1.8967913011057629,3000
4,0.5,2,0,0.15999384597737024,2.0719604785050683,3000
4,0.5,2,1,0.249459871499431,1.2609502502586727,3000
4,0.5,2,2,0.3810926360714864,3.1014200998368193,3000
4,0.5,2,3,0.2168606131872488,2.6032236786440324,3000
4,0.5,2,4,0.19911840033641007,2.344559489252616,3000
4,0.5,2,5,0.46543024778228104,2.379984620506214,3000
4,0.5,2,6,0.9971773472594423,3.2480075794687164,3000
4,0.5,2,7,0.15679469969606205,1.6809793733031693,3000
4,0.5,2,8,0.143432792784281,2.336129536444444,3000
4,0.5,2,9,0.5140430960978654,2.218886554896638,3000
4,0.5,2,10,1.5590299725490964,3.1962608258609984,3000
4,0.5,2,11,0.36317440355682107,3.424102617273701,3000
4,0.5,2,12,0.27194942917909887,1.8754138011664172,3000
4,0.5,2,13,0.4381707344412729,1.298105815280914,3000
4,0.5,2,14,2.6025288792909755,8.154642575393224,3000
4,0.5,2,15,0.309079987775794,2.9640082798909213,3000
4,0.5,2,16,0.9336779571265132,4.297725661292274,3000
4,0.5,2,17,1.0821150147075094,4.541092332359039,3000
4,0.5,2,18,0.4906922924316956,3.358745099633535,3000
4,0.5,2,19,0.2502360955871583,1.8967913011057629,3000
4,0.5,5,0,0.05686914281534519,2.0719604785050683,3000
4,0.5,5,1,0.08798960871589907,1.2609502502586727,3000
4,0.5,5,2,0.036869549235247955,3.1014200998368193,3000
4,0.5,5,3,0.05377784960984923,2.6032236786440324,3000
4,0.5,5,4,0.052840384062460784,2.344559489252616,3000
4,0.5,5,5,0.669782461922217,2.379984620506214,3000
4,0.5,5,6,2.9469499552847838,3.2480075794687164,3000
4,0.5,5,7,0.05727581821636825,1.6809793733031693,3000
4,0.5,5,8,0.04423388297251579,2.336129536444444,3000
4,0.5,5,9,0.6972052443584809,2.218886554896638,3000
4,0.5,5,10,2.7105069596384337,3.1962608258609984,3000
4,0.5,5,11,0.38814361048118373,3.424102617273701,3000
4,0.5,5,12,0.09021899941395768,1.8754138011664172,3000
4,0.5,5,13,0.9972526452970676,1.298105815280914,3000
4,0.5,5,14,0.834632961489733,8.154642575393224,3000
4,0.5,5,15,0.017339905149793285,2.9640082798909213,3000
4,0.5,5,16,0.0640601676013939,4.297725661292274,3000
4,0.5,5,17,1.3425732881106347,4.541092332359039,3000
4,0.5,5,18,0.011090947390751461,3.358745099633535,3000
4,0.5,5,19,0.6747162566799392,1.8967913011057629,3000
4,0.5,10,0,0.0107577201637338,2.0719604785050683,3000
4,0.5,10,1,0.01776495453849053,1.2609502502586727,3000
4,0.5,10,2,0.005475835406198353,3.1014200998368193,3000
4,0.5,10,3,0.009290224591294794,2.6032236786440324,3000
4,0.5,10,4,0.00785352958605654,2.344559489252616,3000
4,0.5,10,5,0.30802784576408476,2.379984620506214,3000
4,0.5,10,6,0.5611879923703317,3.2480075794687164,3000
4,0.5,10,7,0.011843383533968351,1.6809793733031693,3000
4,0.5,10,8,0.008242353046855914,2.336129536444444,3000
4,0.5,10,9,0.2782256316953786,2.218886554896638,3000
4,0.5,10,10,0.09258276258898597,3.1962608258609984,3000
4,0.5,10,11,0.009170618100749815,3.424102617273701,3000
4,0.5,10,12,0.01470872209914684,1.8754138011664172,3000
4,0.5,10,13,0.020222247773216694,1.298105815280914,3000
4,0.5,10,14,0.002316653412748111,8.154642575393224,3000
4,0.5,10,15,0.0029665971715908176,2.9640082798909213,3000
4,0.5,10,16,0.0060322194827557235,4.297725661292274,3000
4,0.5,10,17,0.023810216331035205,4.541092332359039,3000
4,0.5,10,18,0.0019472928102552572,3.358745099633535,3000
4,0.5,10,19,0.01800105494580541,1.8967913011057629,3000
4,0.5,20,0,0.00041135482465370335,2.0719604785050683,3000
4,0.5,20,1,0.000777610515368497,1.2609502502586727,3000
4,0.5,20,2,0.0001354476033093689,3.1014200998368193,3000
4,0.5,20,3,0.0003391655036538379,2.6032236786440324,3000
4,0.5,20,4,0.00027207903535910393,2.344559489252616,3000
4,0.5,20,5,0.04109672656840764,2.379984620506214,3000
4,0.5,20,6,0.202797125199336,3.2480075794687164,3000
4,0.5,20,7,0.0005398324056441536,1.6809793733031693,3000
4,0.5,20,8,0.00031578338241481887,2.336129536444444,3000
4,0.5,20,9,0.005837719614769445,2.218886554896638,3000
4,0.5,20,10,0.003363927943270978,3.1962608258609984,3000
4,0.5,20,11,0.0003207668869794826,3.424102617273701,3000
4,0.5,20,12,0.00046662006526029055,1.8754138011664172,3000
4,0.5,20,13,0.0007753394627671732,1.298105815280914,3000
4,0.5,20,14,0.00011931406430760188,8.154642575393224,3000
4,0.5,20,15,0.00011166685793664756,2.9640082798909213,3000
4,0.5,20,16,0.00024754918752798734,4.297725661292274,3000
4,0.5,20,17,0.27081557837631054,4.541092332359039,3000
4,0.5,20,18,9.020061891051633e-05,3.358745099633535,3000
4,0.5,20,19,0.0008132424618262752,1.8967913011057629,3000
4,0.5,50,0,3.632997961484155e-08,2.0719604785050683,3000
4,0.5,50,1,7.236260041782162e-08,1.2609502502586727,3000
4,0.5,50,2,1.2083672816253842e-08,3.1014200998368193,3000
4,0.5,50,3,2.9816924009663114e-08,2.6032236786440324,3000
4,0.5,50,4,2.3383329958663996e-08,2.344559489252616,3000
4,0.5,50,5,0.3132056497361289,2.379984620506214,3000
4,0.5,50,6,0.587941368615917,3.2480075794687164,3000
4,0.5,50,7,6.347682959371474e-08,1.6809793733031693,3000
4,0.5,50,8,3.07559718934882e-08,2.336129536444444,3000
4,0.5,50,9,0.2574898965163414,2.218886554896638,3000
4,0.5,50,10,4.848446351733098e-07,3.1962608258609984,3000
4,0.5,50,11,3.24310314705081e-08,3.424102617273701,3000
4,0.5,50,12,3.4557042834722643e-08,1.8754138011664172,3000
4,0.5,50,13,8.979237139140361e-08,1.298105815280914,3000
4,0.5,50,14,1.821504111405364e-08,8.154642575393224,3000
4,0.5,50,15,1.4158182497854486e-08,2.9640082798909213,3000
4,0.5,50,16,2.2103826780264064e-08,4.297725661292274,3000
4,0.5,50,17,0.5893795946206232,4.541092332359039,3000
4,0.5,50,18,1.2410513911247085e-08,3.358745099633535,3000
4,0.5,50,19,8.952886736502252e-08,1.8967913011057629,3000
4,1.0,1,0,0.39899216018863726,2.0719604785050683,3000
4,1.0,1,1,0.21739164141460574,1.2609502502586727,3000
4,1.0,1,2,0.8901183025013756,3.1014200998368193,3000
4,1.0,1,3,0.7020795384654722,2.6032236786440324,3000
4,1.0,1,4,0.7717238209935603,2.344559489252616,3000
4,1.0,1,5,1.1361620431471646,2.379984620506214,3000
4,1.0,1,6,1.8221814448731526,3.2480075794687164,3000
4,1.0,1,7,0.2139101655822096,1.6809793733031693,3000
4,1.0,1,8,0.5427912626306319,2.336129536444444,3000
4,1.0,1,9,1.1352087517391334,2.218886554896638,3000
4,1.0,1,10,2.155766855959615,3.1962608258609984,3000
4,1.0,1,11,0.8760780217031142,3.424102617273701,3000
4,1.0,1,12,0.6815758631102556,1.8754138011664172,3000
4,1.0,1,13,1.0442946592364557,1.298105815280914,3000
4,1.0,1,14,3.47530305831539,8.154642575393224,3000
4,1.0,1,15,0.8065446848059908,2.9640082798909213,3000
4,1.0,1,16,1.5733031047198567,4.297725661292274,3000
4,1.0,1,17,1.6105022547387469,4.541092332359039,3000
4,1.0,1,18,1.0357692432105094,3.358745099633535,3000
4,1.0,1,19,0.9708912078788303,1.8967913011057629,3000
4,1.0,2,0,0.09530555689341749,2.0719604785050683,3000
4,1.0,2,1,0.1197045206951446,1.2609502502586727,3000
4,1.0,2,2,0.13782753571157103,3.1014200998368193,3000
4,1.0,2,3,0.08465830618227795,2.6032236786440324,3000
4,1.0,2,4,0.09849063594555492,2.344559489252616,3000
4,1.0,2,5,0.4288195792148449,2.379984620506214,3000
4,1.0,2,6,1.0150773284857035,3.2480075794687164,3000
4,1.0,2,7,0.05734834032632334,1.6809793733031693,3000
4,1.0,2,8,0.09824603870011271,2.336129536444444,3000
4,1.0,2,9,0.38783138293102565,2.218886554896638,3000
4,1.0,2,10,1.4377941504136087,3.1962608258609984,3000
4,1.0,2,11,0.34924448479908554,3.424102617273701,3000
4,1.0,2,12,0.09751509902008204,1.8754138011664172,3000
4,1.0,2,13,0.30878177999197104,1.298105815280914,3000
4,1.0,2,14,1.436644513127739,8.154642575393224,3000
4,1.0,2,15,0.08782291492707331,2.9640082798909213,3000
4,1.0,2,16,0.4992932534767488,4.297725661292274,3000
4,1.0,2,17,1.081970364354368,4.541092332359039,3000
4,1.0,2,18,0.20044622874265033,3.358745099633535,3000
4,1.0,2,19,0.11404416564539045,1.8967913011057629,3000
4,1.0,5,0,0.01256291539878711,2.0719604785050683,3000
4,1.0,5,1,0.032640519792634874,1.2609502502586727,3000
4,1.0,5,2,0.019787491555990484,3.1014200998368193,3000
4,1.0,5,3,0.04727376673355871,2.6032236786440324,3000
4,1.0,5,4,0.4279724737775462,2.344559489252616,3000
4,1.0,5,5,1.102685976058892,2.379984620506214,3000
4,1.0,5,6,2.8420747341575527,3.2480075794687164,3000
4,1.0,5,7,0.003977904104162039,1.6809793733031693,3000
4,1.0,5,8,0.02236816920448563,2.336129536444444,3000
4,1.0,5,9,1.219114640603972,2.218886554896638,3000
4,1.0,5,10,3.0070321405200318,3.1962608258609984,3000
4,1.0,5,11,0.4103865732932284,3.424102617273701,3000
4,1.0,5,12,0.5326192998130823,1.8754138011664172,3000
4,1.0,5,13,1.3548919107022874,1.298105815280914,3000
4,1.0,5,14,0.2832500981799594,8.154642575393224,3000
4,1.0,5,15,0.01387797857981391,2.9640082798909213,3000
4,1.0,5,16,0.016715530807368484,4.297725661292274,3000
4,1.0,5,17,0.780070550590627,4.541092332359039,3000
4,1.0,5,18,0.04031063622690412,3.358745099633535,3000
4,1.0,5,19,1.0718642104680827,1.8967913011057629,3000
4,1.0,10,0,0.00038915783425051497,2.0719604785050683,3000
4,1.0,10,1,0.0043650229418514454,1.2609502502586727,3000
4,1.0,10,2,0.001595390631826121,3.1014200998368193,3000
4,1.0,10,3,0.01892176833033998,2.6032236786440324,3000
4,1.0,10,4,0.009457285950100985,2.344559489252616,3000
4,1.0,10,5,0.4517069398724598,2.379984620506214,3000
4,1.0,10,6,0.009138713135060615,3.2480075794687164,3000
4,1.0,10,7,9.482677294389486e-05,1.6809793733031693,3000
4,1.0,10,8,0.0019363208395770514,2.336129536444444,3000
4,1.0,10,9,0.36090545580875366,2.218886554896638,3000
4,1.0,10,10,0.001958768592650532,3.1962608258609984,3000
4,1.0,10,11,0.34641611191905114,3.424102617273701,3000
4,1.0,10,12,0.008580087620478523,1.8754138011664172,3000
4,1.0,10,13,0.0073707040926215715,1.298105815280914,3000
4,1.0,10,14,0.02044455683244014,8.154642575393224,3000
4,1.0,10,15,0.0009460586545543149,2.9640082798909213,3000
4,1.0,10,16,0.012713768718054679,4.297725661292274,3000
4,1.0,10,17,1.199273512692963,4.541092332359039,3000
4,1.0,10,18,0.008475919366836553,3.358745099633535,3000
4,1.0,10,19,0.014607874932312961,1.8967913011057629,3000
4,1.0,20,0,3.911754339164726e-07,2.0719604785050683,3000
4,1.0,20,1,8.163673363026858e-05,1.2609502502586727,3000
4,1.0,20,2,1.0173242015455786e-05,3.1014200998368193,3000
4,1.0,20,3,0.003604228707211117,2.6032236786440324,3000
4,1.0,20,4,0.001299438497877643,2.344559489252616,3000
4,1.0,20,5,0.002645930351348087,2.379984620506214,3000
4,1.0,20,6,0.0003103625672449333,3.2480075794687164,3000
4,1.0,20,7,6.970210820268868e-08,1.6809793733031693,3000
4,1.0,20,8,1.5630091157825325e-05,2.336129536444444,3000
4,1.0,20,9,0.002840020278227734,2.218886554896638,3000
4,1.0,20,10,1.0006265758934016e-06,3.1962608258609984,3000
4,1.0,20,11,0.02577285777194413,3.424102617273701,3000
4,1.0,20,12,0.0007578753267336981,1.8754138011664172,3000
4,1.0,20,13,0.0003653612488798632,1.298105815280914,3000
4,1.0,20,14,0.015499663062313717,8.154642575393224,3000
4,1.0,20,15,4.295069866047107e-06,2.9640082798909213,3000
4,1.0,20,16,0.007128319660907505,4.297725661292274,3000
4,1.0,20,17,2.5082959617917053,4.541092332359039,3000
4,1.0,20,18,0.00032977316755641883,3.358745099633535,3000
4,1.0,20,19,0.0024333405468671787,1.8967913011057629,3000
4,1.0,50,0,4.670165588241765e-16,2.0719604785050683,3000
4,1.0,50,1,5.338192640269012e-10,1.2609502502586727,3000
4,1.0,50,2,2.6632358392062744e-12,3.1014200998368193,3000
4,1.0,50,3,2.421092765568298e-05,2.6032236786440324,3000
4,1.0,50,4,4.437340296146907e-06,2.344559489252616,3000
4,1.0,50,5,0.46868806772379185,2.379984620506214,3000
4,1.0,50,6,1.1179815159979603e-08,3.2480075794687164,3000
4,1.0,50,7,7.125575962101418e-17,1.6809793733031693,3000
4,1.0,50,8,8.189282907566913e-12,2.336129536444444,3000
4,1.0,50,9,0.3532300041312029,2.218886554896638,3000
4,1.0,50,10,4.879941104847789e-16,3.1962608258609984,3000
4,1.0,50,11,0.42352144451190593,3.424102617273701,3000
4,1.0,50,12,6.405241470252582e-07,1.8754138011664172,3000
4,1.0,50,13,4.503466744939324e-08,1.298105815280914,3000
4,1.0,50,14,0.006067967880525935,8.154642575393224,3000
4,1.0,50,15,4.047160513693671e-13,2.9640082798909213,3000
4,1.0,50,16,0.001306905595718948,4.297725661292274,3000
4,1.0,50,17,2.4884225290733033,4.541092332359039,3000
4,1.0,50,18,2.021736794286132e-08,3.358745099633535,3000
4,1.0,50,19,1.122911129968912e-05,1.8967913011057629,3000
